RESNAME;ATOMTYPE;q;axx;axy;axz;ayy;ayz;azz;;;;;;;;;;;;;;;;;;;;;;;;;;;;;;;;;
ALA;N;-0.618670593;6.82447003;0;0;6.82447003;0;6.82447003;;;;;;;;;;;;;;;;;;;;;;;;;;;;;;;;;
ALA;HN;0.31474072;0.91086408;0;0;0.91086408;0;0.91086408;;;;;;;;;;;;;;;;;;;;;;;;;;;;;;;;;
ALA;CA;0.116602315;7.65803429;0;0;7.65803429;0;7.65803429;;;;;;;;;;;;;;;;;;;;;;;;;;;;;;;;;
ALA;HA;0.075974175;1.63237162;0;0;1.63237162;0;1.63237162;;;;;;;;;;;;;;;;;;;;;;;;;;;;;;;;;
ALA;CB;-0.349915462;7.15366013;0;0;7.15366013;0;7.15366013;;;;;;;;;;;;;;;;;;;;;;;;;;;;;;;;;
ALA;C;0.683691687;7.86400807;0;0;7.86400807;0;7.86400807;;;;;;;;;;;;;;;;;;;;;;;;;;;;;;;;;
ALA;HB;0.10545293;2.54327487;0;0;2.54327487;0;2.54327487;;;;;;;;;;;;;;;;;;;;;;;;;;;;;;;;;
ALA;HB;0.10545293;2.54327487;0;0;2.54327487;0;2.54327487;;;;;;;;;;;;;;;;;;;;;;;;;;;;;;;;;
ALA;HB;0.10545293;2.54327487;0;0;2.54327487;0;2.54327487;;;;;;;;;;;;;;;;;;;;;;;;;;;;;;;;;
ALA;O;-0.538781633;6.13281518;0;0;6.13281518;0;6.13281518;;;;;;;;;;;;;;;;;;;;;;;;;;;;;;;;;
ARG;N;-0.49763676;6.75992306;0;0;6.75992306;0;6.75992306;;;;;;;;;;;;;;;;;;;;;;;;;;;;;;;;;
ARG;HN;0.288895298;0.49791606;0;0;0.49791606;0;0.49791606;;;;;;;;;;;;;;;;;;;;;;;;;;;;;;;;;
ARG;CA;-0.176476412;7.94782028;0;0;7.94782028;0;7.94782028;;;;;;;;;;;;;;;;;;;;;;;;;;;;;;;;;
ARG;HA;0.141713028;1.09198477;0;0;1.09198477;0;1.09198477;;;;;;;;;;;;;;;;;;;;;;;;;;;;;;;;;
ARG;CB;-0.144863488;7.65906255;0;0;7.65906255;0;7.65906255;;;;;;;;;;;;;;;;;;;;;;;;;;;;;;;;;
ARG;C;0.812532943;8.07611812;0;0;8.07611812;0;8.07611812;;;;;;;;;;;;;;;;;;;;;;;;;;;;;;;;;
ARG;HB;0.089414221;1.88364977;0;0;1.88364977;0;1.88364977;;;;;;;;;;;;;;;;;;;;;;;;;;;;;6.19761732;1.64786233;1.64786233;1.64786233;1.64786233
ARG;HB;0.089414221;1.88364977;0;0;1.88364977;0;1.88364977;;;;;;;;;;;;;;;;;;;;;;;;;;;;;;;;;
ARG;CG;-0.100095464;7.68197736;0;0;7.68197736;0;7.68197736;;;;;;;;;;;;;;;;;;;;;;;;;;;;;;;;;
ARG;O;-0.54380484;6.09182823;0;0;6.09182823;0;6.09182823;;;;;;;;;;;;;;;;;;;;;;;;;;;;;;;;;
ARG;HG;0.083740145;1.99252687;0;0;1.99252687;0;1.99252687;;;;;;;;;;;;;;;;;;;;;;;;;;;;;;;;;
ARG;HG;0.083740145;1.99252687;0;0;1.99252687;0;1.99252687;;;;;;;;;;;;;;;;;;;;;;;;;;;;;;;;;
ARG;CD;0.022448245;7.20200683;0;0;7.20200683;0;7.20200683;;;;;;;;;;;;;;;;;;;;;;;;;;;;;;;;;
ARG;HD;0.108467955;1.98036125;0;0;1.98036125;0;1.98036125;;;;;;;;;;;;;;;;;;;;;;;;;;;;;;;;;
ARG;HD;0.108467955;1.98036125;0;0;1.98036125;0;1.98036125;;;;;;;;;;;;;;;;;;;;;;;;;;;;;;;;;
ARG;NE;-0.569939556;6.89934256;0;0;6.89934256;0;6.89934256;;;;;;;;;;;;;;;;;;;;;;;;;;;;;;;;;
ARG;HE;0.382651997;0.26911387;0;0;0.26911387;0;0.26911387;;;;;;;;;;;;;;;;;;;;;;;;;;;;;;;;;
ARG;CZ;0.757308062;8.2269251;0;0;8.2269251;0;8.2269251;;;;;;;;;;;;;;;;;;;;;;;;;;;;;;;;;
ARG;NH;-0.845271567;6.19761732;0;0;6.19761732;0;6.19761732;;;;;;;;;;;;;;;;;;;;;;;;;;;;;;;;;
ARG;NH;-0.845271567;6.19761732;0;0;6.19761732;0;6.19761732;;;;;;;;;;;;;;;;;;;;;;;;;;;;;;;;;
ARG;HH;0.43864136;1.64786233;0;0;1.64786233;0;1.64786233;;;;;;;;;;;;;;;;;;;;;;;;;;;;;;;;;
ARG;HH;0.43864136;1.64786233;0;0;1.64786233;0;1.64786233;;;;;;;;;;;;;;;;;;;;;;;;;;;;;;;;;
ARG;HH;0.43864136;1.64786233;0;0;1.64786233;0;1.64786233;;;;;;;;;;;;;;;;;;;;;;;;;;;;;;;;;
ARG;HH;0.43864136;1.64786233;0;0;1.64786233;0;1.64786233;;;;;;;;;;;;;;;;;;;;;;;;;;;;;;;;;
ASN;N;-0.553398308;6.78119083;0;0;6.78119083;0;6.78119083;;;;;;;;;;;;;;;;;;;;;;;;;;;;;;;;;
ASN;HN;0.294967455;0.70962371;0;0;0.70962371;0;0.70962371;;;;;;;;;;;;;;;;;;;;;;;;;;;;;;;;;
ASN;CA;0.034740886;7.90652979;0;0;7.90652979;0;7.90652979;;;;;;;;;;;;;;;;;;;;;;;;;;;;;;;;;
ASN;HA;0.089302939;1.24448869;0;0;1.24448869;0;1.24448869;;;;;;;;;;;;;;;;;;;;;;;;;;;;;;;;;
ASN;CB;-0.381826925;7.76851996;0;0;7.76851996;0;7.76851996;;;;;;;;;;;;;;;;;;;;;;;;;;;;;;;;;
ASN;C;0.69550379;7.84527993;0;0;7.84527993;0;7.84527993;;;;;;;;;;;;;;;;;;;;;;;;;;;;;;;;;
ASN;HB;0.121493419;1.8132728;0;0;1.8132728;0;1.8132728;;;;;;;;;;;;;;;;;;;;;;;;;;;;;;;;;
ASN;HB;0.121493419;1.8132728;0;0;1.8132728;0;1.8132728;;;;;;;;;;;;;;;;;;;;;;;;;;;;;;;;;
ASN;CG;0.799255292;8.54726207;0;0;8.54726207;0;8.54726207;;;;;;;;;;;;;;;;;;;;;;;;;;;;;;;;;
ASN;O;-0.526248835;5.92591813;0;0;5.92591813;0;5.92591813;;;;;;;;;;;;;;;;;;;;;;;;;;;;;;;;;
ASN;OD;-0.527034735;6.78306388;0;0;6.78306388;0;6.78306388;;;;;;;;;;;;;;;;;;;;;;;;;;;;;;;;;
ASN;ND;-1.021265233;7.36361894;0;0;7.36361894;0;7.36361894;;;;;;;;;;;;;;;;;;;;;;;;;;;;;;;;;
ASN;HD;0.426508417;1.53463223;0;0;1.53463223;0;1.53463223;;;;;;;;;;;;;;;;;;;;;;;;;;;;;;;;;
ASN;HD;0.426508417;1.53463223;0;0;1.53463223;0;1.53463223;;;;;;;;;;;;;;;;;;;;;;;;;;;;;;;;;
ASP;N;-0.831325582;6.76081364;0;0;6.76081364;0;6.76081364;;;;;;;;;;;;;;;;;;;;;;;;;;;;;;;;;
ASP;HN;0.367866053;0.65098859;0;0;0.65098859;0;0.65098859;;;;;;;;;;;;;;;;;;;;;;;;;;;;;;;;;
ASP;CA;0.160955737;8.55461895;0;0;8.55461895;0;8.55461895;;;;;;;;;;;;;;;;;;;;;;;;;;;;;;;;;
ASP;HA;0.00669673;0.80977766;0;0;0.80977766;0;0.80977766;;;;;;;;;;;;;;;;;;;;;;;;;;;;;;;;;
ASP;CB;-0.074863748;9.57769688;0;0;9.57769688;0;9.57769688;;;;;;;;;;;;;;;;;;;;;;;;;;;;;;;;;
ASP;C;0.667516714;8.31557255;0;0;8.31557255;0;8.31557255;;;;;;;;;;;;;;;;;;;;;;;;;;;;;;;;;
ASP;HB;-0.021967171;1.89764863;0;0;1.89764863;0;1.89764863;;;;;;;;;;;;;;;;;;;;;;;;;;;;;;;;;
ASP;HB;-0.021967171;1.89764863;0;0;1.89764863;0;1.89764863;;;;;;;;;;;;;;;;;;;;;;;;;;;;;;;;;
ASP;CG;0.789999595;10.77169226;0;0;10.77169226;0;10.77169226;;;;;;;;;;;;;;;;;;;;;;;;;;;;;;;;;
ASP;O;-0.544195316;6.37824141;0;0;6.37824141;0;6.37824141;;;;;;;;;;;;;;;;;;;;;;;;;;;;;;;;;
ASP;OD;-0.749357921;7.91804298;0;0;7.91804298;0;7.91804298;;;;;;;;;;;;;;;;;;;;;;;;;;;;;;;;;
ASP;OD;-0.749357921;7.91804298;0;0;7.91804298;0;7.91804298;;;;;;;;;;;;;;;;;;;;;;;;;;;;;;;;;
CYS;N;-0.458491764;5.03480597;0;0;5.03480597;0;5.03480597;;;;;;;;;;;;;;;;;;;;;;;;;;;;;;;;;
CYS;HN;0.286836524;2.55942091;0;0;2.55942091;0;2.55942091;;;;;;;;;;;;;;;;;;;;;;;;;;;;;;;;;
CYS;CA;-0.136026872;4.82984617;0;0;4.82984617;0;4.82984617;;;;;;;;;;;;;;;;;;;;;;;;;;;;;;;;;
CYS;HA;0.174560552;0.48681671;0;0;0.48681671;0;0.48681671;;;;;;;;;;;;;;;;;;;;;;;;;;;;;;;;;
CYS;CB;-0.399015481;6.1222905;0;0;6.1222905;0;6.1222905;;;;;;;;;;;;;;;;;;;;;;;;;;;;;;;;;
CYS;C;0.717395982;6.65565488;0;0;6.65565488;0;6.65565488;;;;;;;;;;;;;;;;;;;;;;;;;;;;;;;;;
CYS;HB;0.179886476;2.96619619;0;0;2.96619619;0;2.96619619;;;;;;;;;;;;;;;;;;;;;;;;;;;;;;;;;
CYS;HB;0.179886476;2.96619619;0;0;2.96619619;0;2.96619619;;;;;;;;;;;;;;;;;;;;;;;;;;;;;;;;;
CYS;SG;-0.205586391;22.90465515;0;0;22.90465515;0;22.90465515;;;;;;;;;;;;;;;;;;;;;;;;;;;;;;;;;
CYS;O;-0.5109076;8.19568755;0;0;8.19568755;0;8.19568755;;;;;;;;;;;;;;;;;;;;;;;;;;;;;;;;;
CYS;HG;0.171462099;1.80259284;0;0;1.80259284;0;1.80259284;;;;;;;;;;;;;;;;;;;;;;;;;;;;;;;;;
GLN;N;-0.524051377;7.44326514;0;0;7.44326514;0;7.44326514;;;;;;;;;;;;;;;;;;;;;;;;;;;;;;;;;
GLN;HN;0.293036932;1.79637964;0;0;1.79637964;0;1.79637964;;;;;;;;;;;;;;;;;;;;;;;;;;;;;;;;;
GLN;CA;-0.181518813;8.45401173;0;0;8.45401173;0;8.45401173;;;;;;;;;;;;;;;;;;;;;;;;;;;;;;;;;
GLN;HA;0.13705298;2.25409458;0;0;2.25409458;0;2.25409458;;;;;;;;;;;;;;;;;;;;;;;;;;;;;;;;;
GLN;CB;0.125840432;7.69472681;0;0;7.69472681;0;7.69472681;;;;;;;;;;;;;;;;;;;;;;;;;;;;;;;;;
GLN;C;0.715821591;8.23663289;0;0;8.23663289;0;8.23663289;;;;;;;;;;;;;;;;;;;;;;;;;;;;;;;;;
GLN;HB;0.01978815;2.03228415;0;0;2.03228415;0;2.03228415;;;;;;;;;;;;;;;;;;;;;;;;;;;;;;;;;
GLN;HB;0.01978815;2.19922019;0;0;2.19922019;0;2.19922019;;;;;;;;;;;;;;;;;;;;;;;;;;;;;;;;;
GLN;CG;-0.394936322;7.85192821;0;0;7.85192821;0;7.85192821;;;;;;;;;;;;;;;;;;;;;;;;;;;;;;;;;
GLN;O;-0.524321609;5.72791335;0;0;5.72791335;0;5.72791335;;;;;;;;;;;;;;;;;;;;;;;;;;;;;;;;;
GLN;HG;0.110389178;2.20665432;0;0;2.20665432;0;2.20665432;;;;;;;;;;;;;;;;;;;;;;;;;;;;;;;;;
GLN;HG;0.110389178;2.22761815;0;0;2.22761815;0;2.22761815;;;;;;;;;;;;;;;;;;;;;;;;;;;;;;;;;
GLN;CD;0.84547274;8.22451206;0;0;8.22451206;0;8.22451206;;;;;;;;;;;;;;;;;;;;;;;;;;;;;;;;;
GLN;OE;-0.555990516;5.77416635;0;0;5.77416635;0;5.77416635;;;;;;;;;;;;;;;;;;;;;;;;;;;;;;;;;
GLN;NE;-1.066960075;7.50047039;0;0;7.50047039;0;7.50047039;;;;;;;;;;;;;;;;;;;;;;;;;;;;;;;;;
GLN;HE;0.435099691;2.25597915;0;0;2.25597915;0;2.25597915;;;;;;;;;;;;;;;;;;;;;;;;;;;;;;;;;
GLN;HE;0.435099691;1.948378;0;0;1.948378;0;1.948378;;;;;;;;;;;;;;;;;;;;;;;;;;;;;;;;;
GLU;N;-0.773200096;6.89052518;0;0;6.89052518;0;6.89052518;;;;;;;;;;;;;;;;;;;;;;;;;;;;;;;;;
GLU;HN;0.371732775;0.38788214;0;0;0.38788214;0;0.38788214;;;;;;;;;;;;;;;;;;;;;;;;;;;;;;;;;
GLU;CA;0.035225005;8.54270835;0;0;8.54270835;0;8.54270835;;;;;;;;;;;;;;;;;;;;;;;;;;;;;;;;;
GLU;HA;0.080539662;1.39008019;0;0;1.39008019;0;1.39008019;;;;;;;;;;;;;;;;;;;;;;;;;;;;;;;;;
GLU;CB;0.109926024;8.15314874;0;0;8.15314874;0;8.15314874;;;;;;;;;;;;;;;;;;;;;;;;;;;;;;;;;
GLU;C;0.672510212;8.3533682;0;0;8.3533682;0;8.3533682;;;;;;;;;;;;;;;;;;;;;;;;;;;;;;;;;
GLU;HB;-0.030996678;1.53916091;0;0;1.53916091;0;1.53916091;;;;;;;;;;;;;;;;;;;;;;;;;;;;;;;;;
GLU;HB;-0.030996678;1.53916091;0;0;1.53916091;0;1.53916091;;;;;;;;;;;;;;;;;;;;;;;;;;;;;;;;;
GLU;CG;-0.066346714;9.64707733;0;0;9.64707733;0;9.64707733;;;;;;;;;;;;;;;;;;;;;;;;;;;;;;;;;
GLU;O;-0.550864113;6.59608027;0;0;6.59608027;0;6.59608027;;;;;;;;;;;;;;;;;;;;;;;;;;;;;;;;;
GLU;HG;-0.0382223;1.69513875;0;0;1.69513875;0;1.69513875;;;;;;;;;;;;;;;;;;;;;;;;;;;;;;;;;
GLU;HG;-0.0382223;1.69513875;0;0;1.69513875;0;1.69513875;;;;;;;;;;;;;;;;;;;;;;;;;;;;;;;;;
GLU;CD;0.811169745;10.82451952;0;0;10.82451952;0;10.82451952;;;;;;;;;;;;;;;;;;;;;;;;;;;;;;;;;
GLU;OE;-0.776127272;8.40126586;0;0;8.40126586;0;8.40126586;;;;;;;;;;;;;;;;;;;;;;;;;;;;;;;;;
GLU;OE;-0.776127272;8.40126586;0;0;8.40126586;0;8.40126586;;;;;;;;;;;;;;;;;;;;;;;;;;;;;;;;;
GLY;N;-0.432436507;6.88186291;0;0;6.88186291;0;6.88186291;;;;;;;;;;;;;;;;;;;;;;;;;;;;;;;;;
GLY;HN;0.284553925;1.15031041;0;0;1.15031041;0;1.15031041;;;;;;;;;;;;;;;;;;;;;;;;;;;;;;;;;
GLY;CA;-0.336876162;7.52708451;0;0;7.52708451;0;7.52708451;;;;;;;;;;;;;;;;;;;;;;;;;;;;;;;;;
GLY;C;0.71431631;8.05080939;0;0;8.05080939;0;8.05080939;;;;;;;;;;;;;;;;;;;;;;;;;;;;;;;;;
GLY;HA;0.14831427;2.07291166;0;0;2.07291166;0;2.07291166;;;;;;;;;;;;;;;;;;;;;;;;;;;;;;;;;
GLY;HA;0.14831427;2.07291166;0;0;2.07291166;0;2.07291166;;;;;;;;;;;;;;;;;;;;;;;;;;;;;;;;;
GLY;O;-0.526186107;6.21049408;0;0;6.21049408;0;6.21049408;;;;;;;;;;;;;;;;;;;;;;;;;;;;;;;;;
HID;N;-0.566509573;6.89723555;0;0;6.89723555;0;6.89723555;;;;;;;;;;;;;;;;;;;;;;;;;;;;;;;;;
HID;HN;0.292159011;0.38814176;0;0;0.38814176;0;0.38814176;;;;;;;;;;;;;;;;;;;;;;;;;;;;;;;;;
HID;CA;0.09353179;7.7747658;0;0;7.7747658;0;7.7747658;;;;;;;;;;;;;;;;;;;;;;;;;;;;;;;;;
HID;HA;0.079830129;1.04256953;0;0;1.04256953;0;1.04256953;;;;;;;;;;;;;;;;;;;;;;;;;;;;;;;;;
HID;CB;-0.325716301;7.65588895;0;0;7.65588895;0;7.65588895;;;;;;;;;;;;;;;;;;;;;;;;;;;;;;;;;
HID;C;0.674830721;7.64026284;0;0;7.64026284;0;7.64026284;;;;;;;;;;;;;;;;;;;;;;;;;;;;;;;;;
HID;HB;0.119217354;1.7269265;0;0;1.7269265;0;1.7269265;;;;;;;;;;;;;;;;;;;;;;;;;;;;;;;;;
HID;HB;0.119217354;1.7269265;0;0;1.7269265;0;1.7269265;;;;;;;;;;;;;;;;;;;;;;;;;;;;;;;;;
HID;CG;0.107460977;8.79272477;0;0;8.79272477;0;8.79272477;;;;;;;;;;;;;;;;;;;;;;;;;;;;;;;;;
HID;O;-0.518635825;6.31367779;0;0;6.31367779;0;6.31367779;;;;;;;;;;;;;;;;;;;;;;;;;;;;;;;;;
HID;ND;-0.370262606;6.61552465;0;0;6.61552465;0;6.61552465;;;;;;;;;;;;;;;;;;;;;;;;;;;;;;;;;
HID;CD;0.083973676;8.65429067;0;0;8.65429067;0;8.65429067;;;;;;;;;;;;;;;;;;;;;;;;;;;;;;;;;
HID;HD1;0.326965632;1.71102585;0;0;1.71102585;0;1.71102585;;;;;;;;;;;;;;;;;;;;;;;;;;;;;;;;;
HID;CE;0.205334445;8.20271341;0;0;8.20271341;0;8.20271341;;;;;;;;;;;;;;;;;;;;;;;;;;;;;;;;;
HID;NE;-0.54054413;8.24982582;0;0;8.24982582;0;8.24982582;;;;;;;;;;;;;;;;;;;;;;;;;;;;;;;;;
HID;HD2;0.10625894;2.55357335;0;0;2.55357335;0;2.55357335;;;;;;;;;;;;;;;;;;;;;;;;;;;;;;;;;
HID;HE;0.112888406;2.11526417;0;0;2.11526417;0;2.11526417;;;;;;;;;;;;;;;;;;;;;;;;;;;;;;;;;
HIE;N;-0.596764733;6.82840042;0;0;6.82840042;0;6.82840042;;;;;;;;;;;;;;;;;;;;;;;;;;;;;;;;;
HIE;HN;0.301102799;0.26416443;0;0;0.26416443;0;0.26416443;;;;;;;;;;;;;;;;;;;;;;;;;;;;;;;;;
HIE;CA;0.11531527;7.68311755;0;0;7.68311755;0;7.68311755;;;;;;;;;;;;;;;;;;;;;;;;;;;;;;;;;
HIE;HA;0.076808872;1.02270778;0;0;1.02270778;0;1.02270778;;;;;;;;;;;;;;;;;;;;;;;;;;;;;;;;;
HIE;CB;-0.382374054;7.66945974;0;0;7.66945974;0;7.66945974;;;;;;;;;;;;;;;;;;;;;;;;;;;;;;;;;
HIE;C;0.657694228;7.59903693;0;0;7.59903693;0;7.59903693;;;;;;;;;;;;;;;;;;;;;;;;;;;;;;;;;
HIE;HB;0.122059782;1.73464803;0;0;1.73464803;0;1.73464803;;;;;;;;;;;;;;;;;;;;;;;;;;;;;;;;;
HIE;HB;0.122059782;1.73464803;0;0;1.73464803;0;1.73464803;;;;;;;;;;;;;;;;;;;;;;;;;;;;;;;;;
HIE;CG;0.434821945;8.89214983;0;0;8.89214983;0;8.89214983;;;;;;;;;;;;;;;;;;;;;;;;;;;;;;;;;
HIE;O;-0.516873104;6.28622709;0;0;6.28622709;0;6.28622709;;;;;;;;;;;;;;;;;;;;;;;;;;;;;;;;;
HIE;ND;-0.485529211;8.01819051;0;0;8.01819051;0;8.01819051;;;;;;;;;;;;;;;;;;;;;;;;;;;;;;;;;
HIE;CD;-0.356876814;8.73648399;0;0;8.73648399;0;8.73648399;;;;;;;;;;;;;;;;;;;;;;;;;;;;;;;;;
HIE;CE;0.089820144;8.16392279;0;0;8.16392279;0;8.16392279;;;;;;;;;;;;;;;;;;;;;;;;;;;;;;;;;
HIE;NE;-0.229160798;6.600828;0;0;6.600828;0;6.600828;;;;;;;;;;;;;;;;;;;;;;;;;;;;;;;;;
HIE;HD;0.192972908;2.81660728;0;0;2.81660728;0;2.81660728;;;;;;;;;;;;;;;;;;;;;;;;;;;;;;;;;
HIE;NE1;0.137094404;2.24536313;0;0;2.24536313;0;2.24536313;;;;;;;;;;;;;;;;;;;;;;;;;;;;;;;;;
HIE;NE2;0.317828579;1.81310614;0;0;1.81310614;0;1.81310614;;;;;;;;;;;;;;;;;;;;;;;;;;;;;;;;;
HIS;N;-0.460742865;6.9379732;0;0;6.9379732;0;6.9379732;;;;;;;;;;;;;;;;;;;;;;;;;;;;;;;;;
HIS;HN;0.272591723;0.3665393;0;0;0.3665393;0;0.3665393;;;;;;;;;;;;;;;;;;;;;;;;;;;;;;;;;
HIS;CA;-0.070720984;7.90461502;0;0;7.90461502;0;7.90461502;;;;;;;;;;;;;;;;;;;;;;;;;;;;;;;;;
HIS;HA;0.135889541;1.07284349;0;0;1.07284349;0;1.07284349;;;;;;;;;;;;;;;;;;;;;;;;;;;;;;;;;
HIS;CB;-0.400640849;7.62052505;0;0;7.62052505;0;7.62052505;;;;;;;;;;;;;;;;;;;;;;;;;;;;;;;;;
HIS;C;0.82225219;7.54074083;0;0;7.54074083;0;7.54074083;;;;;;;;;;;;;;;;;;;;;;;;;;;;;;;;;
HIS;HB;0.194897357;1.57255671;0;0;1.57255671;0;1.57255671;;;;;;;;;;;;;;;;;;;;;;;;;;;;;;;;;
HIS;HB;0.194897357;1.57255671;0;0;1.57255671;0;1.57255671;;;;;;;;;;;;;;;;;;;;;;;;;;;;;;;;;
HIS;CG;0.169159745;8.23567691;0;0;8.23567691;0;8.23567691;;;;;;;;;;;;;;;;;;;;;;;;;;;;;;;;;
HIS;O;-0.538431221;6.09032749;0;0;6.09032749;0;6.09032749;;;;;;;;;;;;;;;;;;;;;;;;;;;;;;;;;
HIS;ND;-0.18489754;6.0774779;0;0;6.0774779;0;6.0774779;;;;;;;;;;;;;;;;;;;;;;;;;;;;;;;;;
HIS;CD;-0.142583014;7.88749478;0;0;7.88749478;0;7.88749478;;;;;;;;;;;;;;;;;;;;;;;;;;;;;;;;;
HIS;HD1;0.348098562;1.57825629;0;0;1.57825629;0;1.57825629;;;;;;;;;;;;;;;;;;;;;;;;;;;;;;;;;
HIS;CE;0.008864569;7.06159152;0;0;7.06159152;0;7.06159152;;;;;;;;;;;;;;;;;;;;;;;;;;;;;;;;;
HIS;NE;-0.181433648;5.95519423;0;0;5.95519423;0;5.95519423;;;;;;;;;;;;;;;;;;;;;;;;;;;;;;;;;
HIS;HD2;0.222798878;2.51692274;0;0;2.51692274;0;2.51692274;;;;;;;;;;;;;;;;;;;;;;;;;;;;;;;;;
HIS;HE1;0.231607742;1.81870121;0;0;1.81870121;0;1.81870121;;;;;;;;;;;;;;;;;;;;;;;;;;;;;;;;;
HIS;HE2;0.378392457;1.62073753;0;0;1.62073753;0;1.62073753;;;;;;;;;;;;;;;;;;;;;;;;;;;;;;;;;
ILE;N;-0.52438919;6.94919521;0;0;6.94919521;0;6.94919521;;;;;;;;;;;;;;;;;;;;;;;;;;;;;;;;;
ILE;HN;0.29098737;0.59941752;0;0;0.59941752;0;0.59941752;;;;;;;;;;;;;;;;;;;;;;;;;;;;;;;;;
ILE;CA;-0.280851206;7.86504084;0;0;7.86504084;0;7.86504084;;;;;;;;;;;;;;;;;;;;;;;;;;;;;;;;;
ILE;HA;0.156978002;1.2487109;0;0;1.2487109;0;1.2487109;;;;;;;;;;;;;;;;;;;;;;;;;;;;;;;;;
ILE;CB;0.26920007;7.3256328;0;0;7.3256328;0;7.3256328;;;;;;;;;;;;;;;;;;;;;;;;;;;;;;;;;
ILE;C;0.750085576;7.942171;0;0;7.942171;0;7.942171;;;;;;;;;;;;;;;;;;;;;;;;;;;;;;;;;
ILE;HB;-0.025103258;1.15336858;0;0;1.15336858;0;1.15336858;;;;;;;;;;;;;;;;;;;;;;;;;;;;;;;;;
ILE;CG2;-0.455509783;6.89494413;0;0;6.89494413;0;6.89494413;;;;;;;;;;;;;;;;;;;;;;;;;;;;;;;;;
ILE;CG1;0.108538149;7.25384806;0;0;7.25384806;0;7.25384806;;;;;;;;;;;;;;;;;;;;;;;;;;;;;;;;;
ILE;O;-0.533248746;6.26133394;0;0;6.26133394;0;6.26133394;;;;;;;;;;;;;;;;;;;;;;;;;;;;;;;;;
ILE;HG2;0.115307963;2.60223183;0;0;2.60223183;0;2.60223183;;;;;;;;;;;;;;;;;;;;;;;;;;;;;;;;;
ILE;HG2;0.115307963;2.60223183;0;0;2.60223183;0;2.60223183;;;;;;;;;;;;;;;;;;;;;;;;;;;;;;;;;
ILE;HG2;0.115307963;2.60223183;0;0;2.60223183;0;2.60223183;;;;;;;;;;;;;;;;;;;;;;;;;;;;;;;;;
ILE;HG1;-0.019177259;2.31814178;0;0;2.31814178;0;2.31814178;;;;;;;;;;;;;;;;;;;;;;;;;;;;;;;;;
ILE;HG1;-0.019177259;2.31814178;0;0;2.31814178;0;2.31814178;;;;;;;;;;;;;;;;;;;;;;;;;;;;;;;;;
ILE;CD;-0.250590592;7.15555367;0;0;7.15555367;0;7.15555367;;;;;;;;;;;;;;;;;;;;;;;;;;;;;;;;;
ILE;HD;0.062111411;2.28400446;0;0;2.28400446;0;2.28400446;;;;;;;;;;;;;;;;;;;;;;;;;;;;;;;;;
ILE;HD;0.062111411;2.28400446;0;0;2.28400446;0;2.28400446;;;;;;;;;;;;;;;;;;;;;;;;;;;;;;;;;
ILE;HD;0.062111411;2.28400446;0;0;2.28400446;0;2.28400446;;;;;;;;;;;;;;;;;;;;;;;;;;;;;;;;;
LEU;N;-0.536085176;6.80683911;0;0;6.80683911;0;6.80683911;;;;;;;;;;;;;;;;;;;;;;;;;;;;;;;;;
LEU;HN;0.294658332;0.68524758;0;0;0.68524758;0;0.68524758;;;;;;;;;;;;;;;;;;;;;;;;;;;;;;;;;
LEU;CA;-0.09781955;7.96466247;0;0;7.96466247;0;7.96466247;;;;;;;;;;;;;;;;;;;;;;;;;;;;;;;;;
LEU;HA;0.143747853;1.38554361;0;0;1.38554361;0;1.38554361;;;;;;;;;;;;;;;;;;;;;;;;;;;;;;;;;
LEU;CB;-0.316672364;7.39032967;0;0;7.39032967;0;7.39032967;;;;;;;;;;;;;;;;;;;;;;;;;;;;;;;;;
LEU;C;0.690211225;8.13390679;0;0;8.13390679;0;8.13390679;;;;;;;;;;;;;;;;;;;;;;;;;;;;;;;;;
LEU;HB;0.091353017;1.84717307;0;0;1.84717307;0;1.84717307;;;;;;;;;;;;;;;;;;;;;;;;;;;;;;;;;
LEU;HB;0.091353017;1.84717307;0;0;1.84717307;0;1.84717307;;;;;;;;;;;;;;;;;;;;;;;;;;;;;;;;;
LEU;CG;0.53537753;7.30691873;0;0;7.30691873;0;7.30691873;;;;;;;;;;;;;;;;;;;;;;;;;;;;;;;;;
LEU;O;-0.522109593;6.37578782;0;0;6.37578782;0;6.37578782;;;;;;;;;;;;;;;;;;;;;;;;;;;;;;;;;
LEU;HG;-0.065093709;1.66082052;0;0;1.66082052;0;1.66082052;;;;;;;;;;;;;;;;;;;;;;;;;;;;;;;;;
LEU;CD;-0.501920791;7.15756349;0;0;7.15756349;0;7.15756349;;;;;;;;;;;;;;;;;;;;;;;;;;;;;;;;;
LEU;CD;-0.501920791;7.15756349;0;0;7.15756349;0;7.15756349;;;;;;;;;;;;;;;;;;;;;;;;;;;;;;;;;
LEU;HD;0.115820167;2.49517032;0;0;2.49517032;0;2.49517032;;;;;;;;;;;;;;;;;;;;;;;;;;;;;;;;;
LEU;HD;0.115820167;2.49517032;0;0;2.49517032;0;2.49517032;;;;;;;;;;;;;;;;;;;;;;;;;;;;;;;;;
LEU;HD;0.115820167;2.49517032;0;0;2.49517032;0;2.49517032;;;;;;;;;;;;;;;;;;;;;;;;;;;;;;;;;
LEU;HD;0.115820167;2.49517032;0;0;2.49517032;0;2.49517032;;;;;;;;;;;;;;;;;;;;;;;;;;;;;;;;;
LEU;HD;0.115820167;2.49517032;0;0;2.49517032;0;2.49517032;;;;;;;;;;;;;;;;;;;;;;;;;;;;;;;;;
LEU;HD;0.115820167;2.49517032;0;0;2.49517032;0;2.49517032;;;;;;;;;;;;;;;;;;;;;;;;;;;;;;;;;
LYS;N;-0.525759432;6.68787737;0;0;6.68787737;0;6.68787737;;;;;;;;;;;;;;;;;;;;;;;;;;;;;;;;;
LYS;HN;0.286985591;0.44364806;0;0;0.44364806;0;0.44364806;;;;;;;;;;;;;;;;;;;;;;;;;;;;;;;;;
LYS;CA;-0.058174847;7.92294628;0;0;7.92294628;0;7.92294628;;;;;;;;;;;;;;;;;;;;;;;;;;;;;;;;;
LYS;HA;0.107484463;1.12354298;0;0;1.12354298;0;1.12354298;;;;;;;;;;;;;;;;;;;;;;;;;;;;;;;;;
LYS;CB;-0.23368631;7.60330242;0;0;7.60330242;0;7.60330242;;;;;;;;;;;;;;;;;;;;;;;;;;;;;;;;;
LYS;C;0.784204031;8.06975045;0;0;8.06975045;0;8.06975045;;;;;;;;;;;;;;;;;;;;;;;;;;;;;;;;;
LYS;HB;0.105458589;1.80287557;0;0;1.80287557;0;1.80287557;;;;;;;;;;;;;;;;;;;;;;;;;;;;;;;;;
LYS;HB;0.105458589;1.80287557;0;0;1.80287557;0;1.80287557;;;;;;;;;;;;;;;;;;;;;;;;;;;;;;;;;
LYS;CG;0.009726774;7.63531171;0;0;7.63531171;0;7.63531171;;;;;;;;;;;;;;;;;;;;;;;;;;;;;;;;;
LYS;O;-0.539249786;6.07525699;0;0;6.07525699;0;6.07525699;;;;;;;;;;;;;;;;;;;;;;;;;;;;;;;;;
LYS;HG;0.055851218;1.90175494;0;0;1.90175494;0;1.90175494;;;;;;;;;;;;;;;;;;;;;;;;;;;;;;;;;
LYS;HG;0.055851218;1.90175494;0;0;1.90175494;0;1.90175494;;;;;;;;;;;;;;;;;;;;;;;;;;;;;;;;;
LYS;CD;-0.297768992;7.54742013;0;0;7.54742013;0;7.54742013;;;;;;;;;;;;;;;;;;;;;;;;;;;;;;;;;
LYS;HD;0.145249328;2.27905388;0;0;2.27905388;0;2.27905388;;;;;;;;;;;;;;;;;;;;;;;;;;;;;;;;;
LYS;HD;0.145249328;2.27905388;0;0;2.27905388;0;2.27905388;;;;;;;;;;;;;;;;;;;;;;;;;;;;;;;;;
LYS;CE;0.034738391;7.10027025;0;0;7.10027025;0;7.10027025;;;;;;;;;;;;;;;;;;;;;;;;;;;;;;;;;
LYS;HE;0.131418463;1.7758201;0;0;1.7758201;0;1.7758201;;;;;;;;;;;;;;;;;;;;;;;;;;;;;;;;;
LYS;HE;0.131418463;1.7758201;0;0;1.7758201;0;1.7758201;;;;;;;;;;;;;;;;;;;;;;;;;;;;;;;;;
LYS;NZ;-0.606448376;5.21410374;0;0;5.21410374;0;5.21410374;;;;;;;;;;;;;;;;;;;;;;;;;;;;;;;;;
LYS;HZ;0.387331099;1.28379083;0;0;1.28379083;0;1.28379083;;;;;;;;;;;;;;;;;;;;;;;;;;;;;;;;;
LYS;HZ;0.387331099;1.28379083;0;0;1.28379083;0;1.28379083;;;;;;;;;;;;;;;;;;;;;;;;;;;;;;;;;
LYS;HZ;0.387331099;1.28379083;0;0;1.28379083;0;1.28379083;;;;;;;;;;;;;;;;;;;;;;;;;;;;;;;;;
MET;N;-0.56139674;4.52944883;0;0;4.52944883;0;4.52944883;;;;;;;;;;;;;;;;;;;;;;;;;;;;;;;;;
MET;HN;0.290150449;3.77900117;0;0;3.77900117;0;3.77900117;;;;;;;;;;;;;;;;;;;;;;;;;;;;;;;;;
MET;CA;-0.051104713;6.18922324;0;0;6.18922324;0;6.18922324;;;;;;;;;;;;;;;;;;;;;;;;;;;;;;;;;
MET;HA;0.100391988;6.81499886;0;0;6.81499886;0;6.81499886;;;;;;;;;;;;;;;;;;;;;;;;;;;;;;;;;
MET;CB;0.223157578;7.89337831;0;0;7.89337831;0;7.89337831;;;;;;;;;;;;;;;;;;;;;;;;;;;;;;;;;
MET;C;0.681916203;5.50881369;0;0;5.50881369;0;5.50881369;;;;;;;;;;;;;;;;;;;;;;;;;;;;;;;;;
MET;HB;-0.016252858;15.97787094;0;0;15.97787094;0;15.97787094;;;;;;;;;;;;;;;;;;;;;;;;;;;;;;;;;
MET;HB;-0.016252858;15.97787094;0;0;15.97787094;0;15.97787094;;;;;;;;;;;;;;;;;;;;;;;;;;;;;;;;;
MET;CG;-0.408027062;10.01554112;0;0;10.01554112;0;10.01554112;;;;;;;;;;;;;;;;;;;;;;;;;;;;;;;;;
MET;O;-0.52190343;5.02361478;0;0;5.02361478;0;5.02361478;;;;;;;;;;;;;;;;;;;;;;;;;;;;;;;;;
MET;HG;0.161986448;18.3367667;0;0;18.3367667;0;18.3367667;;;;;;;;;;;;;;;;;;;;;;;;;;;;;;;;;
MET;HG;0.161986448;18.3367667;0;0;18.3367667;0;18.3367667;;;;;;;;;;;;;;;;;;;;;;;;;;;;;;;;;
MET;SD;-0.078283847;16.00772365;0;0;16.00772365;0;16.00772365;;;;;;;;;;;;;;;;;;;;;;;;;;;;;;;;;
MET;CE;-0.566819936;5.76891967;0;0;5.76891967;0;5.76891967;;;;;;;;;;;;;;;;;;;;;;;;;;;;;;;;;
MET;HE;0.200150776;10.56242688;0;0;10.56242688;0;10.56242688;;;;;;;;;;;;;;;;;;;;;;;;;;;;;;;;;
MET;HE;0.200150776;10.56242688;0;0;10.56242688;0;10.56242688;;;;;;;;;;;;;;;;;;;;;;;;;;;;;;;;;
MET;HE;0.200150776;10.56242688;0;0;10.56242688;0;10.56242688;;;;;;;;;;;;;;;;;;;;;;;;;;;;;;;;;
PHE;N;-0.556653598;7.13118924;0;0;7.13118924;0;7.13118924;;;;;;;;;;;;;;;;;;;;;;;;;;;;;;;;;
PHE;HN;0.293352855;0.54189577;0;0;0.54189577;0;0.54189577;;;;;;;;;;;;;;;;;;;;;;;;;;;;;;;;;
PHE;CA;0.036376281;7.91999931;0;0;7.91999931;0;7.91999931;;;;;;;;;;;;;;;;;;;;;;;;;;;;;;;;;
PHE;HA;0.107058245;1.57116264;0;0;1.57116264;0;1.57116264;;;;;;;;;;;;;;;;;;;;;;;;;;;;;;;;;
PHE;CB;-0.350570744;7.69724521;0;0;7.69724521;0;7.69724521;;;;;;;;;;;;;;;;;;;;;;;;;;;;;;;;;
PHE;C;0.663941154;7.45025989;0;0;7.45025989;0;7.45025989;;;;;;;;;;;;;;;;;;;;;;;;;;;;;;;;;
PHE;HB;0.115897554;1.15982828;0;0;1.15982828;0;1.15982828;;;;;;;;;;;;;;;;;;;;;;;;;;;;;;;;;
PHE;HB;0.115897554;1.15982828;0;0;1.15982828;0;1.15982828;;;;;;;;;;;;;;;;;;;;;;;;;;;;;;;;;
PHE;CG;0.271905902;9.18479183;0;0;9.18479183;0;9.18479183;;;;;;;;;;;;;;;;;;;;;;;;;;;;;;;;;
PHE;O;-0.51244825;5.67913367;0;0;5.67913367;0;5.67913367;;;;;;;;;;;;;;;;;;;;;;;;;;;;;;;;;
PHE;CD;-0.253430672;9.19222546;0;0;9.19222546;0;9.19222546;;;;;;;;;;;;;;;;;;;;;;;;;;;;;;;;;
PHE;CD;-0.253430672;9.19222546;0;0;9.19222546;0;9.19222546;;;;;;;;;;;;;;;;;;;;;;;;;;;;;;;;;
PHE;HD;0.146326478;3.2282586;0;0;3.2282586;0;3.2282586;;;;;;;;;;;;;;;;;;;;;;;;;;;;;;;;;
PHE;CE;-0.093072544;8.67736005;0;0;8.67736005;0;8.67736005;;;;;;;;;;;;;;;;;;;;;;;;;;;;;;;;;
PHE;CE;-0.093072544;8.67736005;0;0;8.67736005;0;8.67736005;;;;;;;;;;;;;;;;;;;;;;;;;;;;;;;;;
PHE;HD;0.146326478;3.2282586;0;0;3.2282586;0;3.2282586;;;;;;;;;;;;;;;;;;;;;;;;;;;;;;;;;
PHE;HE;0.128069103;2.65681699;0;0;2.65681699;0;2.65681699;;;;;;;;;;;;;;;;;;;;;;;;;;;;;;;;;
PHE;CZ;-0.178612329;8.23938942;0;0;8.23938942;0;8.23938942;;;;;;;;;;;;;;;;;;;;;;;;;;;;;;;;;
PHE;HE;0.128069103;2.65681699;0;0;2.65681699;0;2.65681699;;;;;;;;;;;;;;;;;;;;;;;;;;;;;;;;;
PHE;HZ;0.138070648;1.7382896;0;0;1.7382896;0;1.7382896;;;;;;;;;;;;;;;;;;;;;;;;;;;;;;;;;
PRO;N;-0.206385214;4.48703701;0;0;4.48703701;0;4.48703701;;;;;;;;;;;;;;;;;;;;;;;;;;;;;;;;;
PRO;CD;-0.077359654;3.07464892;0;0;3.07464892;0;3.07464892;;;;;;;;;;;;;;;;;;;;;;;;;;;;;;;;;
PRO;CA;0.084975297;3.96156184;0;0;3.96156184;0;3.96156184;;;;;;;;;;;;;;;;;;;;;;;;;;;;;;;;;
PRO;HD;0.06077935;4.49867053;0;0;4.49867053;0;4.49867053;;;;;;;;;;;;;;;;;;;;;;;;;;;;;;;;;
PRO;HD;0.06077935;4.49867053;0;0;4.49867053;0;4.49867053;;;;;;;;;;;;;;;;;;;;;;;;;;;;;;;;;
PRO;CG;0.039987618;2.12753057;0;0;2.12753057;0;2.12753057;;;;;;;;;;;;;;;;;;;;;;;;;;;;;;;;;
PRO;CB;-0.201360823;3.00081386;0;0;3.00081386;0;3.00081386;;;;;;;;;;;;;;;;;;;;;;;;;;;;;;;;;
PRO;HA;0.039442345;2.89107211;0;0;2.89107211;0;2.89107211;;;;;;;;;;;;;;;;;;;;;;;;;;;;;;;;;
PRO;C;0.464928309;6.63837018;0;0;6.63837018;0;6.63837018;;;;;;;;;;;;;;;;;;;;;;;;;;;;;;;;;
PRO;HG;0.034405806;4.06109007;0;0;4.06109007;0;4.06109007;;;;;;;;;;;;;;;;;;;;;;;;;;;;;;;;;
PRO;HG;0.034405806;4.06109007;0;0;4.06109007;0;4.06109007;;;;;;;;;;;;;;;;;;;;;;;;;;;;;;;;;
PRO;HB;0.067956638;4.70620026;0;0;4.70620026;0;4.70620026;;;;;;;;;;;;;;;;;;;;;;;;;;;;;;;;;
PRO;HB;0.067956638;4.70620026;0;0;4.70620026;0;4.70620026;;;;;;;;;;;;;;;;;;;;;;;;;;;;;;;;;
PRO;O;-0.470511463;8.90492478;0;0;8.90492478;0;8.90492478;;;;;;;;;;;;;;;;;;;;;;;;;;;;;;;;;
SER;N;-0.48904114;4.62117012;0;0;4.62117012;0;4.62117012;;;;;;;;;;;;;;;;;;;;;;;;;;;;;;;;;
SER;HN;0.29760833;3.30877673;0;0;3.30877673;0;3.30877673;;;;;;;;;;;;;;;;;;;;;;;;;;;;;;;;;
SER;CA;-0.197822502;4.16818808;0;0;4.16818808;0;4.16818808;;;;;;;;;;;;;;;;;;;;;;;;;;;;;;;;;
SER;HA;0.152194865;3.05699153;0;0;3.05699153;0;3.05699153;;;;;;;;;;;;;;;;;;;;;;;;;;;;;;;;;
SER;CB;0.161169025;3.5483583;0;0;3.5483583;0;3.5483583;;;;;;;;;;;;;;;;;;;;;;;;;;;;;;;;;
SER;C;0.716932681;6.08842135;0;0;6.08842135;0;6.08842135;;;;;;;;;;;;;;;;;;;;;;;;;;;;;;;;;
SER;HB;0.021869052;3.98014002;0;0;3.98014002;0;3.98014002;;;;;;;;;;;;;;;;;;;;;;;;;;;;;;;;;
SER;HB;0.021869052;3.98014002;0;0;3.98014002;0;3.98014002;;;;;;;;;;;;;;;;;;;;;;;;;;;;;;;;;
SER;OG;-0.54304509;4.93970476;0;0;4.93970476;0;4.93970476;;;;;;;;;;;;;;;;;;;;;;;;;;;;;;;;;
SER;O;-0.522627797;8.4725276;0;0;8.4725276;0;8.4725276;;;;;;;;;;;;;;;;;;;;;;;;;;;;;;;;;
SER;HG;0.380893526;3.43348844;0;0;3.43348844;0;3.43348844;;;;;;;;;;;;;;;;;;;;;;;;;;;;;;;;;
THR;N;-0.481198787;4.68615731;0;0;4.68615731;0;4.68615731;;;;;;;;;;;;;;;;;;;;;;;;;;;;;;;;;
THR;HN;0.297431717;3.18943268;0;0;3.18943268;0;3.18943268;;;;;;;;;;;;;;;;;;;;;;;;;;;;;;;;;
THR;CA;-0.267717653;4.70557775;0;0;4.70557775;0;4.70557775;;;;;;;;;;;;;;;;;;;;;;;;;;;;;;;;;
THR;HA;0.161303438;2.70367007;0;0;2.70367007;0;2.70367007;;;;;;;;;;;;;;;;;;;;;;;;;;;;;;;;;
THR;CB;0.40666529;3.50554448;0;0;3.50554448;0;3.50554448;;;;;;;;;;;;;;;;;;;;;;;;;;;;;;;;;
THR;C;0.729662833;6.1666484;0;0;6.1666484;0;6.1666484;;;;;;;;;;;;;;;;;;;;;;;;;;;;;;;;;
THR;HB;-0.023784668;3.66417642;0;0;3.66417642;0;3.66417642;;;;;;;;;;;;;;;;;;;;;;;;;;;;;;;;;
THR;CG;-0.467381213;2.62795594;0;0;2.62795594;0;2.62795594;;;;;;;;;;;;;;;;;;;;;;;;;;;;;;;;;
THR;OG;-0.599648943;5.23094804;0;0;5.23094804;0;5.23094804;;;;;;;;;;;;;;;;;;;;;;;;;;;;;;;;;
THR;O;-0.521602155;8.30525607;0;0;8.30525607;0;8.30525607;;;;;;;;;;;;;;;;;;;;;;;;;;;;;;;;;
THR;HG2;0.126951882;4.07734632;0;0;4.07734632;0;4.07734632;;;;;;;;;;;;;;;;;;;;;;;;;;;;;;;;;
THR;HG2;0.126951882;4.07734632;0;0;4.07734632;0;4.07734632;;;;;;;;;;;;;;;;;;;;;;;;;;;;;;;;;
THR;HG2;0.126951882;4.07734632;0;0;4.07734632;0;4.07734632;;;;;;;;;;;;;;;;;;;;;;;;;;;;;;;;;
THR;HG1;0.385414496;3.96246852;0;0;3.96246852;0;3.96246852;;;;;;;;;;;;;;;;;;;;;;;;;;;;;;;;;
TRP;N;-0.560431454;4.22228537;0;0;4.22228537;0;4.22228537;;;;;;;;;;;;;;;;;;;;;;;;;;;;;;;;;
TRP;HN;0.2957475;3.16735323;0;0;3.16735323;0;3.16735323;;;;;;;;;;;;;;;;;;;;;;;;;;;;;;;;;
TRP;CA;0.022003086;4.05989524;0;0;4.05989524;0;4.05989524;;;;;;;;;;;;;;;;;;;;;;;;;;;;;;;;;
TRP;HA;0.106227993;4.7143621;0;0;4.7143621;0;4.7143621;;;;;;;;;;;;;;;;;;;;;;;;;;;;;;;;;
TRP;CB;-0.25171898;3.25430864;0;0;3.25430864;0;3.25430864;;;;;;;;;;;;;;;;;;;;;;;;;;;;;;;;;
TRP;C;0.659661222;5.71727815;0;0;5.71727815;0;5.71727815;;;;;;;;;;;;;;;;;;;;;;;;;;;;;;;;;
TRP;HB;0.10505042;3.96953362;0;0;3.96953362;0;3.96953362;;;;;;;;;;;;;;;;;;;;;;;;;;;;;;;;;
TRP;HB;0.10505042;3.96953362;0;0;3.96953362;0;3.96953362;;;;;;;;;;;;;;;;;;;;;;;;;;;;;;;;;
TRP;CG;-0.070651063;6.54694454;0;0;6.54694454;0;6.54694454;;;;;;;;;;;;;;;;;;;;;;;;;;;;;;;;;
TRP;O;-0.508875304;8.6883426;0;0;8.6883426;0;8.6883426;;;;;;;;;;;;;;;;;;;;;;;;;;;;;;;;;
TRP;CD1;-0.129851576;7.0230139;0;0;7.0230139;0;7.0230139;;;;;;;;;;;;;;;;;;;;;;;;;;;;;;;;;
TRP;CD2;0.156661046;8.9053639;0;0;8.9053639;0;8.9053639;;;;;;;;;;;;;;;;;;;;;;;;;;;;;;;;;
TRP;HD;0.178689021;5.09096734;0;0;5.09096734;0;5.09096734;;;;;;;;;;;;;;;;;;;;;;;;;;;;;;;;;
TRP;NE;-0.473656926;6.51222607;0;0;6.51222607;0;6.51222607;;;;;;;;;;;;;;;;;;;;;;;;;;;;;;;;;
TRP;CE2;0.263661556;8.02731045;0;0;8.02731045;0;8.02731045;;;;;;;;;;;;;;;;;;;;;;;;;;;;;;;;;
TRP;CE3;-0.247028613;8.33061263;0;0;8.33061263;0;8.33061263;;;;;;;;;;;;;;;;;;;;;;;;;;;;;;;;;
TRP;HE1;0.372893049;3.59927872;0;0;3.59927872;0;3.59927872;;;;;;;;;;;;;;;;;;;;;;;;;;;;;;;;;
TRP;CZ2;-0.327965001;7.01420553;0;0;7.01420553;0;7.01420553;;;;;;;;;;;;;;;;;;;;;;;;;;;;;;;;;
TRP;CZ3;-0.196144064;7.06922755;0;0;7.06922755;0;7.06922755;;;;;;;;;;;;;;;;;;;;;;;;;;;;;;;;;
TRP;HE3;0.161906556;6.22663947;0;0;6.22663947;0;6.22663947;;;;;;;;;;;;;;;;;;;;;;;;;;;;;;;;;
TRP;HZ2;0.170153634;5.55899194;0;0;5.55899194;0;5.55899194;;;;;;;;;;;;;;;;;;;;;;;;;;;;;;;;;
TRP;CH2;-0.114536187;6.11814947;0;0;6.11814947;0;6.11814947;;;;;;;;;;;;;;;;;;;;;;;;;;;;;;;;;
TRP;HZ3;0.146017101;5.01585593;0;0;5.01585593;0;5.01585593;;;;;;;;;;;;;;;;;;;;;;;;;;;;;;;;;
TRP;HH2;0.137136563;3.45223575;0;0;3.45223575;0;3.45223575;;;;;;;;;;;;;;;;;;;;;;;;;;;;;;;;;
TYR;N;-0.563126407;4.2686965;0;0;4.2686965;0;4.2686965;;;;;;;;;;;;;;;;;;;;;;;;;;;;;;;;;
TYR;HN;0.287106295;2.7509427;0;0;2.7509427;0;2.7509427;;;;;;;;;;;;;;;;;;;;;;;;;;;;;;;;;
TYR;CA;0.009681414;3.87844044;0;0;3.87844044;0;3.87844044;;;;;;;;;;;;;;;;;;;;;;;;;;;;;;;;;
TYR;HA;0.113667554;3.15908959;0;0;3.15908959;0;3.15908959;;;;;;;;;;;;;;;;;;;;;;;;;;;;;;;;;
TYR;CB;-0.28711338;3.6867863;0;0;3.6867863;0;3.6867863;;;;;;;;;;;;;;;;;;;;;;;;;;;;;;;;;
TYR;C;0.677375033;5.82884622;0;0;5.82884622;0;5.82884622;;;;;;;;;;;;;;;;;;;;;;;;;;;;;;;;;
TYR;HB;0.108183901;4.3044965;0;0;4.3044965;0;4.3044965;;;;;;;;;;;;;;;;;;;;;;;;;;;;;;;;;
TYR;HB;0.108183901;4.3044965;0;0;4.3044965;0;4.3044965;;;;;;;;;;;;;;;;;;;;;;;;;;;;;;;;;
TYR;CG;0.197650309;5.26192245;0;0;5.26192245;0;5.26192245;;;;;;;;;;;;;;;;;;;;;;;;;;;;;;;;;
TYR;O;-0.511880775;8.81343171;0;0;8.81343171;0;8.81343171;;;;;;;;;;;;;;;;;;;;;;;;;;;;;;;;;
TYR;CD;-0.248616811;9.19405531;0;0;9.19405531;0;9.19405531;;;;;;;;;;;;;;;;;;;;;;;;;;;;;;;;;
TYR;CD;-0.248616811;9.19405531;0;0;9.19405531;0;9.19405531;;;;;;;;;;;;;;;;;;;;;;;;;;;;;;;;;
TYR;HD;0.156671158;3.46271739;0;0;3.46271739;0;3.46271739;;;;;;;;;;;;;;;;;;;;;;;;;;;;;;;;;
TYR;CE;-0.236843118;9.6821538;0;0;9.6821538;0;9.6821538;;;;;;;;;;;;;;;;;;;;;;;;;;;;;;;;;
TYR;CE;-0.236843118;9.6821538;0;0;9.6821538;0;9.6821538;;;;;;;;;;;;;;;;;;;;;;;;;;;;;;;;;
TYR;HD;0.156671158;3.46271739;0;0;3.46271739;0;3.46271739;;;;;;;;;;;;;;;;;;;;;;;;;;;;;;;;;
TYR;HE;0.175147996;4.18276118;0;0;4.18276118;0;4.18276118;;;;;;;;;;;;;;;;;;;;;;;;;;;;;;;;;
TYR;CZ;0.289734917;6.48903053;0;0;6.48903053;0;6.48903053;;;;;;;;;;;;;;;;;;;;;;;;;;;;;;;;;
TYR;HE;0.175147996;4.18276118;0;0;4.18276118;0;4.18276118;;;;;;;;;;;;;;;;;;;;;;;;;;;;;;;;;
TYR;OH;-0.439450359;4.09483578;0;0;4.09483578;0;4.09483578;;;;;;;;;;;;;;;;;;;;;;;;;;;;;;;;;
TYR;HH;0.317269144;2.11659779;0;0;2.11659779;0;2.11659779;;;;;;;;;;;;;;;;;;;;;;;;;;;;;;;;;
VAL;N;-0.512438573;6.83436454;0;0;6.83436454;0;6.83436454;;;;;;;;;;;;;;;;;;;;;;;;;;;;;;;;;
VAL;HN;0.29179477;0.66273225;0;0;0.66273225;0;0.66273225;;;;;;;;;;;;;;;;;;;;;;;;;;;;;;;;;
VAL;CA;-0.312458432;7.69612717;0;0;7.69612717;0;7.69612717;;;;;;;;;;;;;;;;;;;;;;;;;;;;;;;;;
VAL;HA;0.153354727;1.04829485;0;0;1.04829485;0;1.04829485;;;;;;;;;;;;;;;;;;;;;;;;;;;;;;;;;
VAL;CB;0.493530459;7.24669184;0;0;7.24669184;0;7.24669184;;;;;;;;;;;;;;;;;;;;;;;;;;;;;;;;;
VAL;C;0.744891194;7.95675758;0;0;7.95675758;0;7.95675758;;;;;;;;;;;;;;;;;;;;;;;;;;;;;;;;;
VAL;HB;-0.05804153;1.44065464;0;0;1.44065464;0;1.44065464;;;;;;;;;;;;;;;;;;;;;;;;;;;;;;;;;
VAL;CG;-0.483721157;6.86098714;0;0;6.86098714;0;6.86098714;;;;;;;;;;;;;;;;;;;;;;;;;;;;;;;;;
VAL;CG;-0.483721157;6.86098714;0;0;6.86098714;0;6.86098714;;;;;;;;;;;;;;;;;;;;;;;;;;;;;;;;;
VAL;O;-0.533552321;6.36260419;0;0;6.36260419;0;6.36260419;;;;;;;;;;;;;;;;;;;;;;;;;;;;;;;;;
VAL;HG;0.116727003;2.58962296;0;0;2.58962296;0;2.58962296;;;;;;;;;;;;;;;;;;;;;;;;;;;;;;;;;
VAL;HG;0.116727003;2.58962296;0;0;2.58962296;0;2.58962296;;;;;;;;;;;;;;;;;;;;;;;;;;;;;;;;;
VAL;HG;0.116727003;2.58962296;0;0;2.58962296;0;2.58962296;;;;;;;;;;;;;;;;;;;;;;;;;;;;;;;;;
VAL;HG;0.116727003;2.58962296;0;0;2.58962296;0;2.58962296;;;;;;;;;;;;;;;;;;;;;;;;;;;;;;;;;
VAL;HG;0.116727003;2.58962296;0;0;2.58962296;0;2.58962296;;;;;;;;;;;;;;;;;;;;;;;;;;;;;;;;;
VAL;HG;0.116727003;2.58962296;0;0;2.58962296;0;2.58962296;;;;;;;;;;;;;;;;;;;;;;;;;;;;;;;;;
ASH;N;-0.511011286;6.78451504;0;0;6.78451504;0;6.78451504;;;;;;;;;;;;;;;;;;;;;;;;;;;;;;;;;
ASH;HN;0.289526631;0.76041767;0;0;0.76041767;0;0.76041767;;;;;;;;;;;;;;;;;;;;;;;;;;;;;;;;;
ASH;CA;-0.105588203;7.82984942;0;0;7.82984942;0;7.82984942;;;;;;;;;;;;;;;;;;;;;;;;;;;;;;;;;
ASH;HA;0.120946126;1.31352819;0;0;1.31352819;0;1.31352819;;;;;;;;;;;;;;;;;;;;;;;;;;;;;;;;;
ASH;CB;-0.161617515;7.5176692;0;0;7.5176692;0;7.5176692;;;;;;;;;;;;;;;;;;;;;;;;;;;;;;;;;
ASH;C;0.721094305;8.0050397;0;0;8.0050397;0;8.0050397;;;;;;;;;;;;;;;;;;;;;;;;;;;;;;;;;
ASH;HB;0.095043445;1.61229709;0;0;1.61229709;0;1.61229709;;;;;;;;;;;;;;;;;;;;;;;;;;;;;;;;;
ASH;HB;0.095043445;1.61229709;0;0;1.61229709;0;1.61229709;;;;;;;;;;;;;;;;;;;;;;;;;;;;;;;;;
ASH;CG;0.63734978;7.68452393;0;0;7.68452393;0;7.68452393;;;;;;;;;;;;;;;;;;;;;;;;;;;;;;;;;
ASH;O;-0.526200876;6.21533196;0;0;6.21533196;0;6.21533196;;;;;;;;;;;;;;;;;;;;;;;;;;;;;;;;;
ASH;OD1;-0.496607825;6.36099978;0;0;6.36099978;0;6.36099978;;;;;;;;;;;;;;;;;;;;;;;;;;;;;;;;;
ASH;OD2;-0.577802741;5.49151044;0;0;5.49151044;0;5.49151044;;;;;;;;;;;;;;;;;;;;;;;;;;;;;;;;;
ASH;HD;0.419824715;1.84885553;0;0;1.84885553;0;1.84885553;;;;;;;;;;;;;;;;;;;;;;;;;;;;;;;;;
CYD;N;-0.812190316;3.62889798;0;0;3.62889798;0;3.62889798;;;;;;;;;;;;;;;;;;;;;;;;;;;;;;;;;
CYD;HN;0.359092014;2.93534822;0;0;2.93534822;0;2.93534822;;;;;;;;;;;;;;;;;;;;;;;;;;;;;;;;;
CYD;CA;0.247722399;5.23975666;0;0;5.23975666;0;5.23975666;;;;;;;;;;;;;;;;;;;;;;;;;;;;;;;;;
CYD;HA;0.031658455;3.15296586;0;0;3.15296586;0;3.15296586;;;;;;;;;;;;;;;;;;;;;;;;;;;;;;;;;
CYD;CB;-0.323046123;9.93463878;0;0;9.93463878;0;9.93463878;;;;;;;;;;;;;;;;;;;;;;;;;;;;;;;;;
CYD;C;0.590009699;6.96476646;0;0;6.96476646;0;6.96476646;;;;;;;;;;;;;;;;;;;;;;;;;;;;;;;;;
CYD;HB;0.11071832;2.36477177;0;0;2.36477177;0;2.36477177;;;;;;;;;;;;;;;;;;;;;;;;;;;;;;;;;
CYD;HB;0.11071832;2.36477177;0;0;2.36477177;0;2.36477177;;;;;;;;;;;;;;;;;;;;;;;;;;;;;;;;;
CYD;SG;-0.797460643;41.30286351;0;0;41.30286351;0;41.30286351;;;;;;;;;;;;;;;;;;;;;;;;;;;;;;;;;
CYD;O;-0.517222126;8.38354591;0;0;8.38354591;0;8.38354591;;;;;;;;;;;;;;;;;;;;;;;;;;;;;;;;;
CYX;N;-0.564914605;3.86432203;0;0;3.86432203;0;3.86432203;;;;;;;;;;;;;;;;;;;;;;;;;;;;;;;;;
CYX;HN;0.282767522;2.5461534;0;0;2.5461534;0;2.5461534;;;;;;;;;;;;;;;;;;;;;;;;;;;;;;;;;
CYX;CA;0.076399457;4.87694792;0;0;4.87694792;0;4.87694792;;;;;;;;;;;;;;;;;;;;;;;;;;;;;;;;;
CYX;HA;0.085237401;3.75037104;0;0;3.75037104;0;3.75037104;;;;;;;;;;;;;;;;;;;;;;;;;;;;;;;;;
CYX;CB;-0.087325838;6.22223722;0;0;6.22223722;0;6.22223722;;;;;;;;;;;;;;;;;;;;;;;;;;;;;;;;;
CYX;C;0.649753319;5.9053773;0;0;5.9053773;0;5.9053773;;;;;;;;;;;;;;;;;;;;;;;;;;;;;;;;;
CYX;HB;0.082440133;3.30090062;0;0;3.30090062;0;3.30090062;;;;;;;;;;;;;;;;;;;;;;;;;;;;;;;;;
CYX;HB;0.082440133;3.30090062;0;0;3.30090062;0;3.30090062;;;;;;;;;;;;;;;;;;;;;;;;;;;;;;;;;
CYX;SG;-0.114652644;22.6849013;0;0;22.6849013;0;22.6849013;;;;;;;;;;;;;;;;;;;;;;;;;;;;;;;;;
CYX;O;-0.511057244;7.13686459;0;0;7.13686459;0;7.13686459;;;;;;;;;;;;;;;;;;;;;;;;;;;;;;;;;
CYX;SE;-0.055086935;21.08609195;0;0;21.08609195;0;21.08609195;;;;;;;;;;;;;;;;;;;;;;;;;;;;;;;;;
CYX;CZ;-0.396424778;5.04397035;0;0;5.04397035;0;5.04397035;;;;;;;;;;;;;;;;;;;;;;;;;;;;;;;;;
CYX;HZ;0.156808027;2.78549871;0;0;2.78549871;0;2.78549871;;;;;;;;;;;;;;;;;;;;;;;;;;;;;;;;;
CYX;HZ;0.156808027;2.78549871;0;0;2.78549871;0;2.78549871;;;;;;;;;;;;;;;;;;;;;;;;;;;;;;;;;
CYX;HZ;0.156808027;2.78549871;0;0;2.78549871;0;2.78549871;;;;;;;;;;;;;;;;;;;;;;;;;;;;;;;;;
GLH;N;-0.496876938;6.7679056;0;0;6.7679056;0;6.7679056;;;;;;;;;;;;;;;;;;;;;;;;;;;;;;;;;
GLH;HN;0.29031457;0.56420263;0;0;0.56420263;0;0.56420263;;;;;;;;;;;;;;;;;;;;;;;;;;;;;;;;;
GLH;CA;-0.240568517;7.97366835;0;0;7.97366835;0;7.97366835;;;;;;;;;;;;;;;;;;;;;;;;;;;;;;;;;
GLH;HA;0.155399736;1.31868434;0;0;1.31868434;0;1.31868434;;;;;;;;;;;;;;;;;;;;;;;;;;;;;;;;;
GLH;CB;0.147733822;7.26388192;0;0;7.26388192;0;7.26388192;;;;;;;;;;;;;;;;;;;;;;;;;;;;;;;;;
GLH;C;0.74718412;8.12187412;0;0;8.12187412;0;8.12187412;;;;;;;;;;;;;;;;;;;;;;;;;;;;;;;;;
GLH;HB;0.00740065;1.75289829;0;0;1.75289829;0;1.75289829;;;;;;;;;;;;;;;;;;;;;;;;;;;;;;;;;
GLH;HB;0.00740065;1.75289829;0;0;1.75289829;0;1.75289829;;;;;;;;;;;;;;;;;;;;;;;;;;;;;;;;;
GLH;CG;-0.310061951;7.62790217;0;0;7.62790217;0;7.62790217;;;;;;;;;;;;;;;;;;;;;;;;;;;;;;;;;
GLH;O;-0.528581397;6.27061986;0;0;6.27061986;0;6.27061986;;;;;;;;;;;;;;;;;;;;;;;;;;;;;;;;;
GLH;HG;0.10341356;1.89617576;0;0;1.89617576;0;1.89617576;;;;;;;;;;;;;;;;;;;;;;;;;;;;;;;;;
GLH;HG;0.10341356;1.89617576;0;0;1.89617576;0;1.89617576;;;;;;;;;;;;;;;;;;;;;;;;;;;;;;;;;
GLH;CD;0.660573712;7.82617235;0;0;7.82617235;0;7.82617235;;;;;;;;;;;;;;;;;;;;;;;;;;;;;;;;;
GLH;OE1;-0.470505496;5.9205469;0;0;5.9205469;0;5.9205469;;;;;;;;;;;;;;;;;;;;;;;;;;;;;;;;;
GLH;OE2;-0.53394781;5.74519984;0;0;5.74519984;0;5.74519984;;;;;;;;;;;;;;;;;;;;;;;;;;;;;;;;;
GLH;HE;0.357707729;1.61620682;0;0;1.61620682;0;1.61620682;;;;;;;;;;;;;;;;;;;;;;;;;;;;;;;;;
LYD;N;-0.552143936;6.70881009;0;0;6.70881009;0;6.70881009;;;;;;;;;;;;;;;;;;;;;;;;;;;;;;;;;
LYD;HN;0.293686856;0.47811939;0;0;0.47811939;0;0.47811939;;;;;;;;;;;;;;;;;;;;;;;;;;;;;;;;;
LYD;CA;-0.111440231;7.86302847;0;0;7.86302847;0;7.86302847;;;;;;;;;;;;;;;;;;;;;;;;;;;;;;;;;
LYD;HA;0.118373087;1.10027638;0;0;1.10027638;0;1.10027638;;;;;;;;;;;;;;;;;;;;;;;;;;;;;;;;;
LYD;CB;-0.060217273;7.50067605;0;0;7.50067605;0;7.50067605;;;;;;;;;;;;;;;;;;;;;;;;;;;;;;;;;
LYD;C;0.705746877;8.08692498;0;0;8.08692498;0;8.08692498;;;;;;;;;;;;;;;;;;;;;;;;;;;;;;;;;
LYD;HB;0.031643063;1.87037964;0;0;1.87037964;0;1.87037964;;;;;;;;;;;;;;;;;;;;;;;;;;;;;;;;;
LYD;HB;0.031643063;1.87037964;0;0;1.87037964;0;1.87037964;;;;;;;;;;;;;;;;;;;;;;;;;;;;;;;;;
LYD;CG;0.170744715;7.47619295;0;0;7.47619295;0;7.47619295;;;;;;;;;;;;;;;;;;;;;;;;;;;;;;;;;
LYD;O;-0.525651217;6.34294232;0;0;6.34294232;0;6.34294232;;;;;;;;;;;;;;;;;;;;;;;;;;;;;;;;;
LYD;HG;-0.023559333;1.95980737;0;0;1.95980737;0;1.95980737;;;;;;;;;;;;;;;;;;;;;;;;;;;;;;;;;
LYD;HG;-0.023559333;1.95980737;0;0;1.95980737;0;1.95980737;;;;;;;;;;;;;;;;;;;;;;;;;;;;;;;;;
LYD;CD;-0.213732522;7.57538683;0;0;7.57538683;0;7.57538683;;;;;;;;;;;;;;;;;;;;;;;;;;;;;;;;;
LYD;HD;0.061663135;2.44508594;0;0;2.44508594;0;2.44508594;;;;;;;;;;;;;;;;;;;;;;;;;;;;;;;;;
LYD;HD;0.061663135;2.44508594;0;0;2.44508594;0;2.44508594;;;;;;;;;;;;;;;;;;;;;;;;;;;;;;;;;
LYD;CE;0.25426185;7.33378229;0;0;7.33378229;0;7.33378229;;;;;;;;;;;;;;;;;;;;;;;;;;;;;;;;;
LYD;HE;-0.004899647;2.25655245;0;0;2.25655245;0;2.25655245;;;;;;;;;;;;;;;;;;;;;;;;;;;;;;;;;
LYD;HE;-0.004899647;2.25655245;0;0;2.25655245;0;2.25655245;;;;;;;;;;;;;;;;;;;;;;;;;;;;;;;;;
LYD;NZ;-0.819446247;7.53631684;0;0;7.53631684;0;7.53631684;;;;;;;;;;;;;;;;;;;;;;;;;;;;;;;;;
LYD;HZ;0.305061803;1.83724541;0;0;1.83724541;0;1.83724541;;;;;;;;;;;;;;;;;;;;;;;;;;;;;;;;;
LYD;HZ;0.305061803;1.83724541;0;0;1.83724541;0;1.83724541;;;;;;;;;;;;;;;;;;;;;;;;;;;;;;;;;
