RESNAME;ATOMTYPE;q;axx;axy;axz;ayy;ayz;azz
ALA;N;;;;;;;
ALA;HN;;;;;;;
ALA;CA;;;;;;;
ALA;HA;;;;;;;
ALA;CB;;;;;;;
ALA;C;;;;;;;
ALA;HB;;;;;;;
ALA;HB;;;;;;;
ALA;HB;;;;;;;
ALA;O;;;;;;;
ARG;N;;;;;;;
ARG;HN;;;;;;;
ARG;CA;;;;;;;
ARG;HA;;;;;;;
ARG;CB;;;;;;;
ARG;C;;;;;;;
ARG;HB;;;;;;;
ARG;HB;;;;;;;
ARG;CG;;;;;;;
ARG;O;;;;;;;
ARG;HG;;;;;;;
ARG;HG;;;;;;;
ARG;CD;;;;;;;
ARG;HD;;;;;;;
ARG;HD;;;;;;;
ARG;NE;;;;;;;
ARG;HE;;;;;;;
ARG;CZ;;;;;;;
ARG;NH;;;;;;;
ARG;NH;;;;;;;
ARG;HH;;;;;;;
ARG;HH;;;;;;;
ARG;HH;;;;;;;
ARG;HH;;;;;;;
ASN;N;;;;;;;
ASN;HN;;;;;;;
ASN;CA;;;;;;;
ASN;HA;;;;;;;
ASN;CB;;;;;;;
ASN;C;;;;;;;
ASN;HB;;;;;;;
ASN;HB;;;;;;;
ASN;CG;;;;;;;
ASN;O;;;;;;;
ASN;OD;;;;;;;
ASN;ND;;;;;;;
ASN;HD;;;;;;;
ASN;HD;;;;;;;
ASP;N;;;;;;;
ASP;HN;;;;;;;
ASP;CA;;;;;;;
ASP;HA;;;;;;;
ASP;CB;;;;;;;
ASP;C;;;;;;;
ASP;HB;;;;;;;
ASP;HB;;;;;;;
ASP;CG;;;;;;;
ASP;O;;;;;;;
ASP;OD;;;;;;;
ASP;OD;;;;;;;
CYS;N;;;;;;;
CYS;HN;;;;;;;
CYS;CA;;;;;;;
CYS;HA;;;;;;;
CYS;CB;;;;;;;
CYS;C;;;;;;;
CYS;HB;;;;;;;
CYS;HB;;;;;;;
CYS;SG;;;;;;;
CYS;O;;;;;;;
CYS;HG;;;;;;;
GLN;N;;;;;;;
GLN;HN;;;;;;;
GLN;CA;;;;;;;
GLN;HA;;;;;;;
GLN;CB;;;;;;;
GLN;C;;;;;;;
GLN;HB;;;;;;;
GLN;HB;;;;;;;
GLN;CG;;;;;;;
GLN;O;;;;;;;
GLN;HG;;;;;;;
GLN;HG;;;;;;;
GLN;CD;;;;;;;
GLN;OE;;;;;;;
GLN;NE;;;;;;;
GLN;HE;;;;;;;
GLN;HE;;;;;;;
GLU;N;;;;;;;
GLU;HN;;;;;;;
GLU;CA;;;;;;;
GLU;HA;;;;;;;
GLU;CB;;;;;;;
GLU;C;;;;;;;
GLU;HB;;;;;;;
GLU;HB;;;;;;;
GLU;CG;;;;;;;
GLU;O;;;;;;;
GLU;HG;;;;;;;
GLU;HG;;;;;;;
GLU;CD;;;;;;;
GLU;OE;;;;;;;
GLU;OE;;;;;;;
GLY;N;;;;;;;
GLY;HN;;;;;;;
GLY;CA;;;;;;;
GLY;C;;;;;;;
GLY;HA;;;;;;;
GLY;HA;;;;;;;
GLY;O;;;;;;;
HID;N;;;;;;;
HID;HN;;;;;;;
HID;CA;;;;;;;
HID;HA;;;;;;;
HID;CB;;;;;;;
HID;C;;;;;;;
HID;HB;;;;;;;
HID;HB;;;;;;;
HID;CG;;;;;;;
HID;O;;;;;;;
HID;ND;;;;;;;
HID;CD;;;;;;;
HID;HD1;;;;;;;
HID;CE;;;;;;;
HID;NE;;;;;;;
HID;HD2;;;;;;;
HID;HE;;;;;;;
HIE;N;;;;;;;
HIE;HN;;;;;;;
HIE;CA;;;;;;;
HIE;HA;;;;;;;
HIE;CB;;;;;;;
HIE;C;;;;;;;
HIE;HB;;;;;;;
HIE;HB;;;;;;;
HIE;CG;;;;;;;
HIE;O;;;;;;;
HIE;ND;;;;;;;
HIE;CD;;;;;;;
HIE;CE;;;;;;;
HIE;NE;;;;;;;
HIE;HD;;;;;;;
HIE;NE1;;;;;;;
HIE;NE2;;;;;;;
HIS;N;;;;;;;
HIS;HN;;;;;;;
HIS;CA;;;;;;;
HIS;HA;;;;;;;
HIS;CB;;;;;;;
HIS;C;;;;;;;
HIS;HB;;;;;;;
HIS;HB;;;;;;;
HIS;CG;;;;;;;
HIS;O;;;;;;;
HIS;ND;;;;;;;
HIS;CD;;;;;;;
HIS;HD1;;;;;;;
HIS;CE;;;;;;;
HIS;NE;;;;;;;
HIS;HD2;;;;;;;
HIS;HE1;;;;;;;
HIS;HE2;;;;;;;
ILE;N;;;;;;;
ILE;HN;;;;;;;
ILE;CA;;;;;;;
ILE;HA;;;;;;;
ILE;CB;;;;;;;
ILE;C;;;;;;;
ILE;HB;;;;;;;
ILE;CG2;;;;;;;
ILE;CG1;;;;;;;
ILE;O;;;;;;;
ILE;HG2;;;;;;;
ILE;HG2;;;;;;;
ILE;HG2;;;;;;;
ILE;HG1;;;;;;;
ILE;HG1;;;;;;;
ILE;CD;;;;;;;
ILE;HD;;;;;;;
ILE;HD;;;;;;;
ILE;HD;;;;;;;
LEU;N;;;;;;;
LEU;HN;;;;;;;
LEU;CA;;;;;;;
LEU;HA;;;;;;;
LEU;CB;;;;;;;
LEU;C;;;;;;;
LEU;HB;;;;;;;
LEU;HB;;;;;;;
LEU;CG;;;;;;;
LEU;O;;;;;;;
LEU;HG;;;;;;;
LEU;CD;;;;;;;
LEU;CD;;;;;;;
LEU;HD;;;;;;;
LEU;HD;;;;;;;
LEU;HD;;;;;;;
LEU;HD;;;;;;;
LEU;HD;;;;;;;
LEU;HD;;;;;;;
LYS;N;;;;;;;
LYS;HN;;;;;;;
LYS;CA;;;;;;;
LYS;HA;;;;;;;
LYS;CB;;;;;;;
LYS;C;;;;;;;
LYS;HB;;;;;;;
LYS;HB;;;;;;;
LYS;CG;;;;;;;
LYS;O;;;;;;;
LYS;HG;;;;;;;
LYS;HG;;;;;;;
LYS;CD;;;;;;;
LYS;HD;;;;;;;
LYS;HD;;;;;;;
LYS;CE;;;;;;;
LYS;HE;;;;;;;
LYS;HE;;;;;;;
LYS;NZ;;;;;;;
LYS;HZ;;;;;;;
LYS;HZ;;;;;;;
LYS;HZ;;;;;;;
MET;N;;;;;;;
MET;HN;;;;;;;
MET;CA;;;;;;;
MET;HA;;;;;;;
MET;CB;;;;;;;
MET;C;;;;;;;
MET;HB;;;;;;;
MET;HB;;;;;;;
MET;CG;;;;;;;
MET;O;;;;;;;
MET;HG;;;;;;;
MET;HG;;;;;;;
MET;SD;;;;;;;
MET;CE;;;;;;;
MET;HE;;;;;;;
MET;HE;;;;;;;
MET;HE;;;;;;;
PHE;N;;;;;;;
PHE;HN;;;;;;;
PHE;CA;;;;;;;
PHE;HA;;;;;;;
PHE;CB;;;;;;;
PHE;C;;;;;;;
PHE;HB;;;;;;;
PHE;HB;;;;;;;
PHE;CG;;;;;;;
PHE;O;;;;;;;
PHE;CD;;;;;;;
PHE;CD;;;;;;;
PHE;HD;;;;;;;
PHE;CE;;;;;;;
PHE;CE;;;;;;;
PHE;HD;;;;;;;
PHE;HE;;;;;;;
PHE;CZ;;;;;;;
PHE;HE;;;;;;;
PHE;HZ;;;;;;;
PRO;N;;;;;;;
PRO;CD;;;;;;;
PRO;CA;;;;;;;
PRO;HD;;;;;;;
PRO;HD;;;;;;;
PRO;CG;;;;;;;
PRO;CB;;;;;;;
PRO;HA;;;;;;;
PRO;C;;;;;;;
PRO;HG;;;;;;;
PRO;HG;;;;;;;
PRO;HB;;;;;;;
PRO;HB;;;;;;;
PRO;O;;;;;;;
SER;N;;;;;;;
SER;HN;;;;;;;
SER;CA;;;;;;;
SER;HA;;;;;;;
SER;CB;;;;;;;
SER;C;;;;;;;
SER;HB;;;;;;;
SER;HB;;;;;;;
SER;OG;;;;;;;
SER;O;;;;;;;
SER;HG;;;;;;;
THR;N;;;;;;;
THR;HN;;;;;;;
THR;CA;;;;;;;
THR;HA;;;;;;;
THR;CB;;;;;;;
THR;C;;;;;;;
THR;HB;;;;;;;
THR;CG;;;;;;;
THR;OG;;;;;;;
THR;O;;;;;;;
THR;HG2;;;;;;;
THR;HG2;;;;;;;
THR;HG2;;;;;;;
THR;HG1;;;;;;;
TRP;N;;;;;;;
TRP;HN;;;;;;;
TRP;CA;;;;;;;
TRP;HA;;;;;;;
TRP;CB;;;;;;;
TRP;C;;;;;;;
TRP;HB;;;;;;;
TRP;HB;;;;;;;
TRP;CG;;;;;;;
TRP;O;;;;;;;
TRP;CD1;;;;;;;
TRP;CD2;;;;;;;
TRP;HD;;;;;;;
TRP;NE;;;;;;;
TRP;CE2;;;;;;;
TRP;CE3;;;;;;;
TRP;HE1;;;;;;;
TRP;CZ2;;;;;;;
TRP;CZ3;;;;;;;
TRP;HE3;;;;;;;
TRP;HZ2;;;;;;;
TRP;CH2;;;;;;;
TRP;HZ3;;;;;;;
TRP;HH2;;;;;;;
TYR;N;;;;;;;
TYR;HN;;;;;;;
TYR;CA;;;;;;;
TYR;HA;;;;;;;
TYR;CB;;;;;;;
TYR;C;;;;;;;
TYR;HB;;;;;;;
TYR;HB;;;;;;;
TYR;CG;;;;;;;
TYR;O;;;;;;;
TYR;CD;;;;;;;
TYR;CD;;;;;;;
TYR;HD;;;;;;;
TYR;CE;;;;;;;
TYR;CE;;;;;;;
TYR;HD;;;;;;;
TYR;HE;;;;;;;
TYR;CZ;;;;;;;
TYR;HE;;;;;;;
TYR;OH;;;;;;;
TYR;HH;;;;;;;
VAL;N;;;;;;;
VAL;HN;;;;;;;
VAL;CA;;;;;;;
VAL;HA;;;;;;;
VAL;CB;;;;;;;
VAL;C;;;;;;;
VAL;HB;;;;;;;
VAL;CG;;;;;;;
VAL;CG;;;;;;;
VAL;O;;;;;;;
VAL;HG;;;;;;;
VAL;HG;;;;;;;
VAL;HG;;;;;;;
VAL;HG;;;;;;;
VAL;HG;;;;;;;
VAL;HG;;;;;;;
ASH;N;;;;;;;
ASH;HN;;;;;;;
ASH;CA;;;;;;;
ASH;HA;;;;;;;
ASH;CB;;;;;;;
ASH;C;;;;;;;
ASH;HB;;;;;;;
ASH;HB;;;;;;;
ASH;CG;;;;;;;
ASH;O;;;;;;;
ASH;OD1;;;;;;;
ASH;OD2;;;;;;;
ASH;HD;;;;;;;
CYD;N;;;;;;;
CYD;HN;;;;;;;
CYD;CA;;;;;;;
CYD;HA;;;;;;;
CYD;CB;;;;;;;
CYD;C;;;;;;;
CYD;HB;;;;;;;
CYD;HB;;;;;;;
CYD;SG;;;;;;;
CYD;O;;;;;;;
CYX;N;;;;;;;
CYX;HN;;;;;;;
CYX;CA;;;;;;;
CYX;HA;;;;;;;
CYX;CB;;;;;;;
CYX;C;;;;;;;
CYX;HB;;;;;;;
CYX;HB;;;;;;;
CYX;SG;;;;;;;
CYX;O;;;;;;;
GLH;N;;;;;;;
GLH;HN;;;;;;;
GLH;CA;;;;;;;
GLH;HA;;;;;;;
GLH;CB;;;;;;;
GLH;C;;;;;;;
GLH;HB;;;;;;;
GLH;HB;;;;;;;
GLH;CG;;;;;;;
GLH;O;;;;;;;
GLH;HG;;;;;;;
GLH;HG;;;;;;;
GLH;CD;;;;;;;
GLH;OE1;;;;;;;
GLH;OE2;;;;;;;
GLH;HE;;;;;;;
LYD;N;;;;;;;
LYD;HN;;;;;;;
LYD;CA;;;;;;;
LYD;HA;;;;;;;
LYD;CB;;;;;;;
LYD;C;;;;;;;
LYD;HB;;;;;;;
LYD;HB;;;;;;;
LYD;CG;;;;;;;
LYD;O;;;;;;;
LYD;HG;;;;;;;
LYD;HG;;;;;;;
LYD;CD;;;;;;;
LYD;HD;;;;;;;
LYD;HD;;;;;;;
LYD;CE;;;;;;;
LYD;HE;;;;;;;
LYD;HE;;;;;;;
LYD;NZ;;;;;;;
LYD;HZ;;;;;;;
LYD;HZ;;;;;;;
NALA;HN;;;;;;;
NALA;HN;;;;;;;
NALA;N;;;;;;;
NALA;HN;;;;;;;
NALA;CA;;;;;;;
NALA;HA;;;;;;;
NALA;CB;;;;;;;
NALA;C;;;;;;;
NALA;HB;;;;;;;
NALA;HB;;;;;;;
NALA;HB;;;;;;;
NALA;O;;;;;;;
NARG;HN;;;;;;;
NARG;HN;;;;;;;
NARG;N;;;;;;;
NARG;HN;;;;;;;
NARG;CA;;;;;;;
NARG;HA;;;;;;;
NARG;CB;;;;;;;
NARG;C;;;;;;;
NARG;HB;;;;;;;
NARG;HB;;;;;;;
NARG;CG;;;;;;;
NARG;O;;;;;;;
NARG;HG;;;;;;;
NARG;HG;;;;;;;
NARG;CD;;;;;;;
NARG;HD;;;;;;;
NARG;HD;;;;;;;
NARG;NE;;;;;;;
NARG;HE;;;;;;;
NARG;CZ;;;;;;;
NARG;NH;;;;;;;
NARG;NH;;;;;;;
NARG;HH;;;;;;;
NARG;HH;;;;;;;
NARG;HH;;;;;;;
NARG;HH;;;;;;;
NASN;HN;;;;;;;
NASN;HN;;;;;;;
NASN;N;;;;;;;
NASN;HN;;;;;;;
NASN;CA;;;;;;;
NASN;HA;;;;;;;
NASN;CB;;;;;;;
NASN;C;;;;;;;
NASN;HB;;;;;;;
NASN;HB;;;;;;;
NASN;CG;;;;;;;
NASN;O;;;;;;;
NASN;OD;;;;;;;
NASN;ND;;;;;;;
NASN;HD;;;;;;;
NASN;HD;;;;;;;
NASP;HN;;;;;;;
NASP;HN;;;;;;;
NASP;N;;;;;;;
NASP;HN;;;;;;;
NASP;CA;;;;;;;
NASP;HA;;;;;;;
NASP;CB;;;;;;;
NASP;C;;;;;;;
NASP;HB;;;;;;;
NASP;HB;;;;;;;
NASP;CG;;;;;;;
NASP;O;;;;;;;
NASP;OD;;;;;;;
NASP;OD;;;;;;;
NCYS;HN;;;;;;;
NCYS;HN;;;;;;;
NCYS;N;;;;;;;
NCYS;HN;;;;;;;
NCYS;CA;;;;;;;
NCYS;HA;;;;;;;
NCYS;CB;;;;;;;
NCYS;C;;;;;;;
NCYS;HB;;;;;;;
NCYS;HB;;;;;;;
NCYS;SG;;;;;;;
NCYS;O;;;;;;;
NCYS;HG;;;;;;;
NGLN;HN;;;;;;;
NGLN;HN;;;;;;;
NGLN;N;;;;;;;
NGLN;HN;;;;;;;
NGLN;CA;;;;;;;
NGLN;HA;;;;;;;
NGLN;CB;;;;;;;
NGLN;C;;;;;;;
NGLN;HB;;;;;;;
NGLN;HB;;;;;;;
NGLN;CG;;;;;;;
NGLN;O;;;;;;;
NGLN;HG;;;;;;;
NGLN;HG;;;;;;;
NGLN;CD;;;;;;;
NGLN;OE;;;;;;;
NGLN;NE;;;;;;;
NGLN;HE;;;;;;;
NGLN;HE;;;;;;;
NGLU;HN;;;;;;;
NGLU;HN;;;;;;;
NGLU;N;;;;;;;
NGLU;HN;;;;;;;
NGLU;CA;;;;;;;
NGLU;HA;;;;;;;
NGLU;CB;;;;;;;
NGLU;C;;;;;;;
NGLU;HB;;;;;;;
NGLU;HB;;;;;;;
NGLU;CG;;;;;;;
NGLU;O;;;;;;;
NGLU;HG;;;;;;;
NGLU;HG;;;;;;;
NGLU;CD;;;;;;;
NGLU;OE;;;;;;;
NGLU;OE;;;;;;;
NGLY;HN;;;;;;;
NGLY;HN;;;;;;;
NGLY;N;;;;;;;
NGLY;HN;;;;;;;
NGLY;CA;;;;;;;
NGLY;C;;;;;;;
NGLY;HA;;;;;;;
NGLY;HA;;;;;;;
NGLY;O;;;;;;;
NHID;HN;;;;;;;
NHID;HN;;;;;;;
NHID;N;;;;;;;
NHID;HN;;;;;;;
NHID;CA;;;;;;;
NHID;HA;;;;;;;
NHID;CB;;;;;;;
NHID;C;;;;;;;
NHID;HB;;;;;;;
NHID;HB;;;;;;;
NHID;CG;;;;;;;
NHID;O;;;;;;;
NHID;ND;;;;;;;
NHID;CD;;;;;;;
NHID;HD1;;;;;;;
NHID;CE;;;;;;;
NHID;NE;;;;;;;
NHID;HD2;;;;;;;
NHID;HE;;;;;;;
NHIE;HN;;;;;;;
NHIE;HN;;;;;;;
NHIE;N;;;;;;;
NHIE;HN;;;;;;;
NHIE;CA;;;;;;;
NHIE;HA;;;;;;;
NHIE;CB;;;;;;;
NHIE;C;;;;;;;
NHIE;HB;;;;;;;
NHIE;HB;;;;;;;
NHIE;CG;;;;;;;
NHIE;O;;;;;;;
NHIE;ND;;;;;;;
NHIE;CD;;;;;;;
NHIE;CE;;;;;;;
NHIE;NE;;;;;;;
NHIE;HD;;;;;;;
NHIE;NE1;;;;;;;
NHIE;NE2;;;;;;;
NHIS;HN;;;;;;;
NHIS;HN;;;;;;;
NHIS;N;;;;;;;
NHIS;HN;;;;;;;
NHIS;CA;;;;;;;
NHIS;HA;;;;;;;
NHIS;CB;;;;;;;
NHIS;C;;;;;;;
NHIS;HB;;;;;;;
NHIS;HB;;;;;;;
NHIS;CG;;;;;;;
NHIS;O;;;;;;;
NHIS;ND;;;;;;;
NHIS;CD;;;;;;;
NHIS;HD1;;;;;;;
NHIS;CE;;;;;;;
NHIS;NE;;;;;;;
NHIS;HD2;;;;;;;
NHIS;HE1;;;;;;;
NHIS;HE2;;;;;;;
NILE;HN;;;;;;;
NILE;HN;;;;;;;
NILE;N;;;;;;;
NILE;HN;;;;;;;
NILE;CA;;;;;;;
NILE;HA;;;;;;;
NILE;CB;;;;;;;
NILE;C;;;;;;;
NILE;HB;;;;;;;
NILE;CG2;;;;;;;
NILE;CG1;;;;;;;
NILE;O;;;;;;;
NILE;HG2;;;;;;;
NILE;HG2;;;;;;;
NILE;HG2;;;;;;;
NILE;HG1;;;;;;;
NILE;HG1;;;;;;;
NILE;CD;;;;;;;
NILE;HD;;;;;;;
NILE;HD;;;;;;;
NILE;HD;;;;;;;
NLEU;HN;;;;;;;
NLEU;HN;;;;;;;
NLEU;N;;;;;;;
NLEU;HN;;;;;;;
NLEU;CA;;;;;;;
NLEU;HA;;;;;;;
NLEU;CB;;;;;;;
NLEU;C;;;;;;;
NLEU;HB;;;;;;;
NLEU;HB;;;;;;;
NLEU;CG;;;;;;;
NLEU;O;;;;;;;
NLEU;HG;;;;;;;
NLEU;CD;;;;;;;
NLEU;CD;;;;;;;
NLEU;HD;;;;;;;
NLEU;HD;;;;;;;
NLEU;HD;;;;;;;
NLEU;HD;;;;;;;
NLEU;HD;;;;;;;
NLEU;HD;;;;;;;
NLYS;HN;;;;;;;
NLYS;HN;;;;;;;
NLYS;N;;;;;;;
NLYS;HN;;;;;;;
NLYS;CA;;;;;;;
NLYS;HA;;;;;;;
NLYS;CB;;;;;;;
NLYS;C;;;;;;;
NLYS;HB;;;;;;;
NLYS;HB;;;;;;;
NLYS;CG;;;;;;;
NLYS;O;;;;;;;
NLYS;HG;;;;;;;
NLYS;HG;;;;;;;
NLYS;CD;;;;;;;
NLYS;HD;;;;;;;
NLYS;HD;;;;;;;
NLYS;CE;;;;;;;
NLYS;HE;;;;;;;
NLYS;HE;;;;;;;
NLYS;NZ;;;;;;;
NLYS;HZ;;;;;;;
NLYS;HZ;;;;;;;
NLYS;HZ;;;;;;;
NMET;HN;;;;;;;
NMET;HN;;;;;;;
NMET;N;;;;;;;
NMET;HN;;;;;;;
NMET;CA;;;;;;;
NMET;HA;;;;;;;
NMET;CB;;;;;;;
NMET;C;;;;;;;
NMET;HB;;;;;;;
NMET;HB;;;;;;;
NMET;CG;;;;;;;
NMET;O;;;;;;;
NMET;HG;;;;;;;
NMET;HG;;;;;;;
NMET;SD;;;;;;;
NMET;CE;;;;;;;
NMET;HE;;;;;;;
NMET;HE;;;;;;;
NMET;HE;;;;;;;
NPHE;HN;;;;;;;
NPHE;HN;;;;;;;
NPHE;N;;;;;;;
NPHE;HN;;;;;;;
NPHE;CA;;;;;;;
NPHE;HA;;;;;;;
NPHE;CB;;;;;;;
NPHE;C;;;;;;;
NPHE;HB;;;;;;;
NPHE;HB;;;;;;;
NPHE;CG;;;;;;;
NPHE;O;;;;;;;
NPHE;CD;;;;;;;
NPHE;CD;;;;;;;
NPHE;HD;;;;;;;
NPHE;CE;;;;;;;
NPHE;CE;;;;;;;
NPHE;HD;;;;;;;
NPHE;HE;;;;;;;
NPHE;CZ;;;;;;;
NPHE;HE;;;;;;;
NPHE;HZ;;;;;;;
NPRO;HN;;;;;;;
NPRO;HN;;;;;;;
NPRO;N;;;;;;;
NPRO;CD;;;;;;;
NPRO;CA;;;;;;;
NPRO;HD;;;;;;;
NPRO;HD;;;;;;;
NPRO;CG;;;;;;;
NPRO;CB;;;;;;;
NPRO;HA;;;;;;;
NPRO;C;;;;;;;
NPRO;HG;;;;;;;
NPRO;HG;;;;;;;
NPRO;HB;;;;;;;
NPRO;HB;;;;;;;
NPRO;O;;;;;;;
NSER;HN;;;;;;;
NSER;HN;;;;;;;
NSER;N;;;;;;;
NSER;HN;;;;;;;
NSER;CA;;;;;;;
NSER;HA;;;;;;;
NSER;CB;;;;;;;
NSER;C;;;;;;;
NSER;HB;;;;;;;
NSER;HB;;;;;;;
NSER;OG;;;;;;;
NSER;O;;;;;;;
NSER;HG;;;;;;;
NTHR;HN;;;;;;;
NTHR;HN;;;;;;;
NTHR;N;;;;;;;
NTHR;HN;;;;;;;
NTHR;CA;;;;;;;
NTHR;HA;;;;;;;
NTHR;CB;;;;;;;
NTHR;C;;;;;;;
NTHR;HB;;;;;;;
NTHR;CG;;;;;;;
NTHR;OG;;;;;;;
NTHR;O;;;;;;;
NTHR;HG2;;;;;;;
NTHR;HG2;;;;;;;
NTHR;HG2;;;;;;;
NTHR;HG1;;;;;;;
NTRP;HN;;;;;;;
NTRP;HN;;;;;;;
NTRP;N;;;;;;;
NTRP;HN;;;;;;;
NTRP;CA;;;;;;;
NTRP;HA;;;;;;;
NTRP;CB;;;;;;;
NTRP;C;;;;;;;
NTRP;HB;;;;;;;
NTRP;HB;;;;;;;
NTRP;CG;;;;;;;
NTRP;O;;;;;;;
NTRP;CD1;;;;;;;
NTRP;CD2;;;;;;;
NTRP;HD;;;;;;;
NTRP;NE;;;;;;;
NTRP;CE2;;;;;;;
NTRP;CE3;;;;;;;
NTRP;HE1;;;;;;;
NTRP;CZ2;;;;;;;
NTRP;CZ3;;;;;;;
NTRP;HE3;;;;;;;
NTRP;HZ2;;;;;;;
NTRP;CH2;;;;;;;
NTRP;HZ3;;;;;;;
NTRP;HH2;;;;;;;
NTYR;HN;;;;;;;
NTYR;HN;;;;;;;
NTYR;N;;;;;;;
NTYR;HN;;;;;;;
NTYR;CA;;;;;;;
NTYR;HA;;;;;;;
NTYR;CB;;;;;;;
NTYR;C;;;;;;;
NTYR;HB;;;;;;;
NTYR;HB;;;;;;;
NTYR;CG;;;;;;;
NTYR;O;;;;;;;
NTYR;CD;;;;;;;
NTYR;CD;;;;;;;
NTYR;HD;;;;;;;
NTYR;CE;;;;;;;
NTYR;CE;;;;;;;
NTYR;HD;;;;;;;
NTYR;HE;;;;;;;
NTYR;CZ;;;;;;;
NTYR;HE;;;;;;;
NTYR;OH;;;;;;;
NTYR;HH;;;;;;;
NVAL;HN;;;;;;;
NVAL;HN;;;;;;;
NVAL;N;;;;;;;
NVAL;HN;;;;;;;
NVAL;CA;;;;;;;
NVAL;HA;;;;;;;
NVAL;CB;;;;;;;
NVAL;C;;;;;;;
NVAL;HB;;;;;;;
NVAL;CG;;;;;;;
NVAL;CG;;;;;;;
NVAL;O;;;;;;;
NVAL;HG;;;;;;;
NVAL;HG;;;;;;;
NVAL;HG;;;;;;;
NVAL;HG;;;;;;;
NVAL;HG;;;;;;;
NVAL;HG;;;;;;;
NASH;HN;;;;;;;
NASH;HN;;;;;;;
NASH;N;;;;;;;
NASH;HN;;;;;;;
NASH;CA;;;;;;;
NASH;HA;;;;;;;
NASH;CB;;;;;;;
NASH;C;;;;;;;
NASH;HB;;;;;;;
NASH;HB;;;;;;;
NASH;CG;;;;;;;
NASH;O;;;;;;;
NASH;OD1;;;;;;;
NASH;OD2;;;;;;;
NASH;HD;;;;;;;
NCYD;HN;;;;;;;
NCYD;HN;;;;;;;
NCYD;N;;;;;;;
NCYD;HN;;;;;;;
NCYD;CA;;;;;;;
NCYD;HA;;;;;;;
NCYD;CB;;;;;;;
NCYD;C;;;;;;;
NCYD;HB;;;;;;;
NCYD;HB;;;;;;;
NCYD;SG;;;;;;;
NCYD;O;;;;;;;
NCYX;HN;;;;;;;
NCYX;HN;;;;;;;
NCYX;N;;;;;;;
NCYX;HN;;;;;;;
NCYX;CA;;;;;;;
NCYX;HA;;;;;;;
NCYX;CB;;;;;;;
NCYX;C;;;;;;;
NCYX;HB;;;;;;;
NCYX;HB;;;;;;;
NCYX;SG;;;;;;;
NCYX;O;;;;;;;
NGLH;HN;;;;;;;
NGLH;HN;;;;;;;
NGLH;N;;;;;;;
NGLH;HN;;;;;;;
NGLH;CA;;;;;;;
NGLH;HA;;;;;;;
NGLH;CB;;;;;;;
NGLH;C;;;;;;;
NGLH;HB;;;;;;;
NGLH;HB;;;;;;;
NGLH;CG;;;;;;;
NGLH;O;;;;;;;
NGLH;HG;;;;;;;
NGLH;HG;;;;;;;
NGLH;CD;;;;;;;
NGLH;OE1;;;;;;;
NGLH;OE2;;;;;;;
NGLH;HE;;;;;;;
NLYD;HN;;;;;;;
NLYD;HN;;;;;;;
NLYD;N;;;;;;;
NLYD;HN;;;;;;;
NLYD;CA;;;;;;;
NLYD;HA;;;;;;;
NLYD;CB;;;;;;;
NLYD;C;;;;;;;
NLYD;HB;;;;;;;
NLYD;HB;;;;;;;
NLYD;CG;;;;;;;
NLYD;O;;;;;;;
NLYD;HG;;;;;;;
NLYD;HG;;;;;;;
NLYD;CD;;;;;;;
NLYD;HD;;;;;;;
NLYD;HD;;;;;;;
NLYD;CE;;;;;;;
NLYD;HE;;;;;;;
NLYD;HE;;;;;;;
NLYD;NZ;;;;;;;
NLYD;HZ;;;;;;;
NLYD;HZ;;;;;;;
nALA;HN;;;;;;;
nALA;N;;;;;;;
nALA;HN;;;;;;;
nALA;CA;;;;;;;
nALA;HA;;;;;;;
nALA;CB;;;;;;;
nALA;C;;;;;;;
nALA;HB;;;;;;;
nALA;HB;;;;;;;
nALA;HB;;;;;;;
nALA;O;;;;;;;
nARG;HN;;;;;;;
nARG;N;;;;;;;
nARG;HN;;;;;;;
nARG;CA;;;;;;;
nARG;HA;;;;;;;
nARG;CB;;;;;;;
nARG;C;;;;;;;
nARG;HB;;;;;;;
nARG;HB;;;;;;;
nARG;CG;;;;;;;
nARG;O;;;;;;;
nARG;HG;;;;;;;
nARG;HG;;;;;;;
nARG;CD;;;;;;;
nARG;HD;;;;;;;
nARG;HD;;;;;;;
nARG;NE;;;;;;;
nARG;HE;;;;;;;
nARG;CZ;;;;;;;
nARG;NH;;;;;;;
nARG;NH;;;;;;;
nARG;HH;;;;;;;
nARG;HH;;;;;;;
nARG;HH;;;;;;;
nARG;HH;;;;;;;
nASN;HN;;;;;;;
nASN;N;;;;;;;
nASN;HN;;;;;;;
nASN;CA;;;;;;;
nASN;HA;;;;;;;
nASN;CB;;;;;;;
nASN;C;;;;;;;
nASN;HB;;;;;;;
nASN;HB;;;;;;;
nASN;CG;;;;;;;
nASN;O;;;;;;;
nASN;OD;;;;;;;
nASN;ND;;;;;;;
nASN;HD;;;;;;;
nASN;HD;;;;;;;
nASP;HN;;;;;;;
nASP;N;;;;;;;
nASP;HN;;;;;;;
nASP;CA;;;;;;;
nASP;HA;;;;;;;
nASP;CB;;;;;;;
nASP;C;;;;;;;
nASP;HB;;;;;;;
nASP;HB;;;;;;;
nASP;CG;;;;;;;
nASP;O;;;;;;;
nASP;OD;;;;;;;
nASP;OD;;;;;;;
nCYS;HN;;;;;;;
nCYS;N;;;;;;;
nCYS;HN;;;;;;;
nCYS;CA;;;;;;;
nCYS;HA;;;;;;;
nCYS;CB;;;;;;;
nCYS;C;;;;;;;
nCYS;HB;;;;;;;
nCYS;HB;;;;;;;
nCYS;SG;;;;;;;
nCYS;O;;;;;;;
nCYS;HG;;;;;;;
nGLN;HN;;;;;;;
nGLN;N;;;;;;;
nGLN;HN;;;;;;;
nGLN;CA;;;;;;;
nGLN;HA;;;;;;;
nGLN;CB;;;;;;;
nGLN;C;;;;;;;
nGLN;HB;;;;;;;
nGLN;HB;;;;;;;
nGLN;CG;;;;;;;
nGLN;O;;;;;;;
nGLN;HG;;;;;;;
nGLN;HG;;;;;;;
nGLN;CD;;;;;;;
nGLN;OE;;;;;;;
nGLN;NE;;;;;;;
nGLN;HE;;;;;;;
nGLN;HE;;;;;;;
nGLU;HN;;;;;;;
nGLU;N;;;;;;;
nGLU;HN;;;;;;;
nGLU;CA;;;;;;;
nGLU;HA;;;;;;;
nGLU;CB;;;;;;;
nGLU;C;;;;;;;
nGLU;HB;;;;;;;
nGLU;HB;;;;;;;
nGLU;CG;;;;;;;
nGLU;O;;;;;;;
nGLU;HG;;;;;;;
nGLU;HG;;;;;;;
nGLU;CD;;;;;;;
nGLU;OE;;;;;;;
nGLU;OE;;;;;;;
nGLY;HN;;;;;;;
nGLY;N;;;;;;;
nGLY;HN;;;;;;;
nGLY;CA;;;;;;;
nGLY;C;;;;;;;
nGLY;HA;;;;;;;
nGLY;HA;;;;;;;
nGLY;O;;;;;;;
nHID;HN;;;;;;;
nHID;N;;;;;;;
nHID;HN;;;;;;;
nHID;CA;;;;;;;
nHID;HA;;;;;;;
nHID;CB;;;;;;;
nHID;C;;;;;;;
nHID;HB;;;;;;;
nHID;HB;;;;;;;
nHID;CG;;;;;;;
nHID;O;;;;;;;
nHID;ND;;;;;;;
nHID;CD;;;;;;;
nHID;HD1;;;;;;;
nHID;CE;;;;;;;
nHID;NE;;;;;;;
nHID;HD2;;;;;;;
nHID;HE;;;;;;;
nHIE;HN;;;;;;;
nHIE;N;;;;;;;
nHIE;HN;;;;;;;
nHIE;CA;;;;;;;
nHIE;HA;;;;;;;
nHIE;CB;;;;;;;
nHIE;C;;;;;;;
nHIE;HB;;;;;;;
nHIE;HB;;;;;;;
nHIE;CG;;;;;;;
nHIE;O;;;;;;;
nHIE;ND;;;;;;;
nHIE;CD;;;;;;;
nHIE;CE;;;;;;;
nHIE;NE;;;;;;;
nHIE;HD;;;;;;;
nHIE;NE1;;;;;;;
nHIE;NE2;;;;;;;
nHIS;HN;;;;;;;
nHIS;N;;;;;;;
nHIS;HN;;;;;;;
nHIS;CA;;;;;;;
nHIS;HA;;;;;;;
nHIS;CB;;;;;;;
nHIS;C;;;;;;;
nHIS;HB;;;;;;;
nHIS;HB;;;;;;;
nHIS;CG;;;;;;;
nHIS;O;;;;;;;
nHIS;ND;;;;;;;
nHIS;CD;;;;;;;
nHIS;HD1;;;;;;;
nHIS;CE;;;;;;;
nHIS;NE;;;;;;;
nHIS;HD2;;;;;;;
nHIS;HE1;;;;;;;
nHIS;HE2;;;;;;;
nILE;HN;;;;;;;
nILE;N;;;;;;;
nILE;HN;;;;;;;
nILE;CA;;;;;;;
nILE;HA;;;;;;;
nILE;CB;;;;;;;
nILE;C;;;;;;;
nILE;HB;;;;;;;
nILE;CG2;;;;;;;
nILE;CG1;;;;;;;
nILE;O;;;;;;;
nILE;HG2;;;;;;;
nILE;HG2;;;;;;;
nILE;HG2;;;;;;;
nILE;HG1;;;;;;;
nILE;HG1;;;;;;;
nILE;CD;;;;;;;
nILE;HD;;;;;;;
nILE;HD;;;;;;;
nILE;HD;;;;;;;
nLEU;HN;;;;;;;
nLEU;N;;;;;;;
nLEU;HN;;;;;;;
nLEU;CA;;;;;;;
nLEU;HA;;;;;;;
nLEU;CB;;;;;;;
nLEU;C;;;;;;;
nLEU;HB;;;;;;;
nLEU;HB;;;;;;;
nLEU;CG;;;;;;;
nLEU;O;;;;;;;
nLEU;HG;;;;;;;
nLEU;CD;;;;;;;
nLEU;CD;;;;;;;
nLEU;HD;;;;;;;
nLEU;HD;;;;;;;
nLEU;HD;;;;;;;
nLEU;HD;;;;;;;
nLEU;HD;;;;;;;
nLEU;HD;;;;;;;
nLYS;HN;;;;;;;
nLYS;N;;;;;;;
nLYS;HN;;;;;;;
nLYS;CA;;;;;;;
nLYS;HA;;;;;;;
nLYS;CB;;;;;;;
nLYS;C;;;;;;;
nLYS;HB;;;;;;;
nLYS;HB;;;;;;;
nLYS;CG;;;;;;;
nLYS;O;;;;;;;
nLYS;HG;;;;;;;
nLYS;HG;;;;;;;
nLYS;CD;;;;;;;
nLYS;HD;;;;;;;
nLYS;HD;;;;;;;
nLYS;CE;;;;;;;
nLYS;HE;;;;;;;
nLYS;HE;;;;;;;
nLYS;NZ;;;;;;;
nLYS;HZ;;;;;;;
nLYS;HZ;;;;;;;
nLYS;HZ;;;;;;;
nMET;HN;;;;;;;
nMET;N;;;;;;;
nMET;HN;;;;;;;
nMET;CA;;;;;;;
nMET;HA;;;;;;;
nMET;CB;;;;;;;
nMET;C;;;;;;;
nMET;HB;;;;;;;
nMET;HB;;;;;;;
nMET;CG;;;;;;;
nMET;O;;;;;;;
nMET;HG;;;;;;;
nMET;HG;;;;;;;
nMET;SD;;;;;;;
nMET;CE;;;;;;;
nMET;HE;;;;;;;
nMET;HE;;;;;;;
nMET;HE;;;;;;;
nPHE;HN;;;;;;;
nPHE;N;;;;;;;
nPHE;HN;;;;;;;
nPHE;CA;;;;;;;
nPHE;HA;;;;;;;
nPHE;CB;;;;;;;
nPHE;C;;;;;;;
nPHE;HB;;;;;;;
nPHE;HB;;;;;;;
nPHE;CG;;;;;;;
nPHE;O;;;;;;;
nPHE;CD;;;;;;;
nPHE;CD;;;;;;;
nPHE;HD;;;;;;;
nPHE;CE;;;;;;;
nPHE;CE;;;;;;;
nPHE;HD;;;;;;;
nPHE;HE;;;;;;;
nPHE;CZ;;;;;;;
nPHE;HE;;;;;;;
nPHE;HZ;;;;;;;
nPRO;HN;;;;;;;
nPRO;N;;;;;;;
nPRO;CD;;;;;;;
nPRO;CA;;;;;;;
nPRO;HD;;;;;;;
nPRO;HD;;;;;;;
nPRO;CG;;;;;;;
nPRO;CB;;;;;;;
nPRO;HA;;;;;;;
nPRO;C;;;;;;;
nPRO;HG;;;;;;;
nPRO;HG;;;;;;;
nPRO;HB;;;;;;;
nPRO;HB;;;;;;;
nPRO;O;;;;;;;
nSER;HN;;;;;;;
nSER;N;;;;;;;
nSER;HN;;;;;;;
nSER;CA;;;;;;;
nSER;HA;;;;;;;
nSER;CB;;;;;;;
nSER;C;;;;;;;
nSER;HB;;;;;;;
nSER;HB;;;;;;;
nSER;OG;;;;;;;
nSER;O;;;;;;;
nSER;HG;;;;;;;
nTHR;HN;;;;;;;
nTHR;N;;;;;;;
nTHR;HN;;;;;;;
nTHR;CA;;;;;;;
nTHR;HA;;;;;;;
nTHR;CB;;;;;;;
nTHR;C;;;;;;;
nTHR;HB;;;;;;;
nTHR;CG;;;;;;;
nTHR;OG;;;;;;;
nTHR;O;;;;;;;
nTHR;HG2;;;;;;;
nTHR;HG2;;;;;;;
nTHR;HG2;;;;;;;
nTHR;HG1;;;;;;;
nTRP;HN;;;;;;;
nTRP;N;;;;;;;
nTRP;HN;;;;;;;
nTRP;CA;;;;;;;
nTRP;HA;;;;;;;
nTRP;CB;;;;;;;
nTRP;C;;;;;;;
nTRP;HB;;;;;;;
nTRP;HB;;;;;;;
nTRP;CG;;;;;;;
nTRP;O;;;;;;;
nTRP;CD1;;;;;;;
nTRP;CD2;;;;;;;
nTRP;HD;;;;;;;
nTRP;NE;;;;;;;
nTRP;CE2;;;;;;;
nTRP;CE3;;;;;;;
nTRP;HE1;;;;;;;
nTRP;CZ2;;;;;;;
nTRP;CZ3;;;;;;;
nTRP;HE3;;;;;;;
nTRP;HZ2;;;;;;;
nTRP;CH2;;;;;;;
nTRP;HZ3;;;;;;;
nTRP;HH2;;;;;;;
nTYR;HN;;;;;;;
nTYR;N;;;;;;;
nTYR;HN;;;;;;;
nTYR;CA;;;;;;;
nTYR;HA;;;;;;;
nTYR;CB;;;;;;;
nTYR;C;;;;;;;
nTYR;HB;;;;;;;
nTYR;HB;;;;;;;
nTYR;CG;;;;;;;
nTYR;O;;;;;;;
nTYR;CD;;;;;;;
nTYR;CD;;;;;;;
nTYR;HD;;;;;;;
nTYR;CE;;;;;;;
nTYR;CE;;;;;;;
nTYR;HD;;;;;;;
nTYR;HE;;;;;;;
nTYR;CZ;;;;;;;
nTYR;HE;;;;;;;
nTYR;OH;;;;;;;
nTYR;HH;;;;;;;
nVAL;HN;;;;;;;
nVAL;N;;;;;;;
nVAL;HN;;;;;;;
nVAL;CA;;;;;;;
nVAL;HA;;;;;;;
nVAL;CB;;;;;;;
nVAL;C;;;;;;;
nVAL;HB;;;;;;;
nVAL;CG;;;;;;;
nVAL;CG;;;;;;;
nVAL;O;;;;;;;
nVAL;HG;;;;;;;
nVAL;HG;;;;;;;
nVAL;HG;;;;;;;
nVAL;HG;;;;;;;
nVAL;HG;;;;;;;
nVAL;HG;;;;;;;
nASH;HN;;;;;;;
nASH;N;;;;;;;
nASH;HN;;;;;;;
nASH;CA;;;;;;;
nASH;HA;;;;;;;
nASH;CB;;;;;;;
nASH;C;;;;;;;
nASH;HB;;;;;;;
nASH;HB;;;;;;;
nASH;CG;;;;;;;
nASH;O;;;;;;;
nASH;OD1;;;;;;;
nASH;OD2;;;;;;;
nASH;HD;;;;;;;
nCYD;HN;;;;;;;
nCYD;N;;;;;;;
nCYD;HN;;;;;;;
nCYD;CA;;;;;;;
nCYD;HA;;;;;;;
nCYD;CB;;;;;;;
nCYD;C;;;;;;;
nCYD;HB;;;;;;;
nCYD;HB;;;;;;;
nCYD;SG;;;;;;;
nCYD;O;;;;;;;
nCYX;HN;;;;;;;
nCYX;N;;;;;;;
nCYX;HN;;;;;;;
nCYX;CA;;;;;;;
nCYX;HA;;;;;;;
nCYX;CB;;;;;;;
nCYX;C;;;;;;;
nCYX;HB;;;;;;;
nCYX;HB;;;;;;;
nCYX;SG;;;;;;;
nCYX;O;;;;;;;
nGLH;HN;;;;;;;
nGLH;N;;;;;;;
nGLH;HN;;;;;;;
nGLH;CA;;;;;;;
nGLH;HA;;;;;;;
nGLH;CB;;;;;;;
nGLH;C;;;;;;;
nGLH;HB;;;;;;;
nGLH;HB;;;;;;;
nGLH;CG;;;;;;;
nGLH;O;;;;;;;
nGLH;HG;;;;;;;
nGLH;HG;;;;;;;
nGLH;CD;;;;;;;
nGLH;OE1;;;;;;;
nGLH;OE2;;;;;;;
nGLH;HE;;;;;;;
nLYD;HN;;;;;;;
nLYD;N;;;;;;;
nLYD;HN;;;;;;;
nLYD;CA;;;;;;;
nLYD;HA;;;;;;;
nLYD;CB;;;;;;;
nLYD;C;;;;;;;
nLYD;HB;;;;;;;
nLYD;HB;;;;;;;
nLYD;CG;;;;;;;
nLYD;O;;;;;;;
nLYD;HG;;;;;;;
nLYD;HG;;;;;;;
nLYD;CD;;;;;;;
nLYD;HD;;;;;;;
nLYD;HD;;;;;;;
nLYD;CE;;;;;;;
nLYD;HE;;;;;;;
nLYD;HE;;;;;;;
nLYD;NZ;;;;;;;
nLYD;HZ;;;;;;;
nLYD;HZ;;;;;;;
cALA;N;;;;;;;
cALA;HN;;;;;;;
cALA;CA;;;;;;;
cALA;HA;;;;;;;
cALA;CB;;;;;;;
cALA;C;;;;;;;
cALA;HB;;;;;;;
cALA;HB;;;;;;;
cALA;HB;;;;;;;
cALA;O1;;;;;;;
cALA;O2;;;;;;;
cALA;HO;;;;;;;
cARG;N;;;;;;;
cARG;HN;;;;;;;
cARG;CA;;;;;;;
cARG;HA;;;;;;;
cARG;CB;;;;;;;
cARG;C;;;;;;;
cARG;HB;;;;;;;
cARG;HB;;;;;;;
cARG;CG;;;;;;;
cARG;O1;;;;;;;
cARG;HG;;;;;;;
cARG;HG;;;;;;;
cARG;CD;;;;;;;
cARG;HD;;;;;;;
cARG;HD;;;;;;;
cARG;NE;;;;;;;
cARG;HE;;;;;;;
cARG;CZ;;;;;;;
cARG;NH;;;;;;;
cARG;NH;;;;;;;
cARG;HH;;;;;;;
cARG;HH;;;;;;;
cARG;HH;;;;;;;
cARG;HH;;;;;;;
cARG;O2;;;;;;;
cARG;HO;;;;;;;
cASN;N;;;;;;;
cASN;HN;;;;;;;
cASN;CA;;;;;;;
cASN;HA;;;;;;;
cASN;CB;;;;;;;
cASN;C;;;;;;;
cASN;HB;;;;;;;
cASN;HB;;;;;;;
cASN;CG;;;;;;;
cASN;O1;;;;;;;
cASN;OD;;;;;;;
cASN;ND;;;;;;;
cASN;HD;;;;;;;
cASN;HD;;;;;;;
cASN;O2;;;;;;;
cASN;HO;;;;;;;
cASP;N;;;;;;;
cASP;HN;;;;;;;
cASP;CA;;;;;;;
cASP;HA;;;;;;;
cASP;CB;;;;;;;
cASP;C;;;;;;;
cASP;HB;;;;;;;
cASP;HB;;;;;;;
cASP;CG;;;;;;;
cASP;O1;;;;;;;
cASP;OD;;;;;;;
cASP;OD;;;;;;;
cASP;O2;;;;;;;
cASP;HO;;;;;;;
cCYS;N;;;;;;;
cCYS;HN;;;;;;;
cCYS;CA;;;;;;;
cCYS;HA;;;;;;;
cCYS;CB;;;;;;;
cCYS;C;;;;;;;
cCYS;HB;;;;;;;
cCYS;HB;;;;;;;
cCYS;SG;;;;;;;
cCYS;O1;;;;;;;
cCYS;HG;;;;;;;
cCYS;O2;;;;;;;
cCYS;HO;;;;;;;
cGLN;N;;;;;;;
cGLN;HN;;;;;;;
cGLN;CA;;;;;;;
cGLN;HA;;;;;;;
cGLN;CB;;;;;;;
cGLN;C;;;;;;;
cGLN;HB;;;;;;;
cGLN;HB;;;;;;;
cGLN;CG;;;;;;;
cGLN;O1;;;;;;;
cGLN;HG;;;;;;;
cGLN;HG;;;;;;;
cGLN;CD;;;;;;;
cGLN;OE;;;;;;;
cGLN;NE;;;;;;;
cGLN;HE;;;;;;;
cGLN;HE;;;;;;;
cGLN;O2;;;;;;;
cGLN;HO;;;;;;;
cGLU;N;;;;;;;
cGLU;HN;;;;;;;
cGLU;CA;;;;;;;
cGLU;HA;;;;;;;
cGLU;CB;;;;;;;
cGLU;C;;;;;;;
cGLU;HB;;;;;;;
cGLU;HB;;;;;;;
cGLU;CG;;;;;;;
cGLU;O1;;;;;;;
cGLU;HG;;;;;;;
cGLU;HG;;;;;;;
cGLU;CD;;;;;;;
cGLU;OE;;;;;;;
cGLU;OE;;;;;;;
cGLU;O2;;;;;;;
cGLU;HO;;;;;;;
cGLY;N;;;;;;;
cGLY;HN;;;;;;;
cGLY;CA;;;;;;;
cGLY;C;;;;;;;
cGLY;HA;;;;;;;
cGLY;HA;;;;;;;
cGLY;O1;;;;;;;
cGLY;O2;;;;;;;
cGLY;HO;;;;;;;
cHID;N;;;;;;;
cHID;HN;;;;;;;
cHID;CA;;;;;;;
cHID;HA;;;;;;;
cHID;CB;;;;;;;
cHID;C;;;;;;;
cHID;HB;;;;;;;
cHID;HB;;;;;;;
cHID;CG;;;;;;;
cHID;O1;;;;;;;
cHID;ND;;;;;;;
cHID;CD;;;;;;;
cHID;HD1;;;;;;;
cHID;CE;;;;;;;
cHID;NE;;;;;;;
cHID;HD2;;;;;;;
cHID;HE;;;;;;;
cHID;O2;;;;;;;
cHID;HO;;;;;;;
cHIE;N;;;;;;;
cHIE;HN;;;;;;;
cHIE;CA;;;;;;;
cHIE;HA;;;;;;;
cHIE;CB;;;;;;;
cHIE;C;;;;;;;
cHIE;HB;;;;;;;
cHIE;HB;;;;;;;
cHIE;CG;;;;;;;
cHIE;O1;;;;;;;
cHIE;ND;;;;;;;
cHIE;CD;;;;;;;
cHIE;CE;;;;;;;
cHIE;NE;;;;;;;
cHIE;HD;;;;;;;
cHIE;NE1;;;;;;;
cHIE;NE2;;;;;;;
cHIE;O2;;;;;;;
cHIE;HO;;;;;;;
cHIS;N;;;;;;;
cHIS;HN;;;;;;;
cHIS;CA;;;;;;;
cHIS;HA;;;;;;;
cHIS;CB;;;;;;;
cHIS;C;;;;;;;
cHIS;HB;;;;;;;
cHIS;HB;;;;;;;
cHIS;CG;;;;;;;
cHIS;O1;;;;;;;
cHIS;ND;;;;;;;
cHIS;CD;;;;;;;
cHIS;HD1;;;;;;;
cHIS;CE;;;;;;;
cHIS;NE;;;;;;;
cHIS;HD2;;;;;;;
cHIS;HE1;;;;;;;
cHIS;HE2;;;;;;;
cHIS;O2;;;;;;;
cHIS;HO;;;;;;;
cILE;N;;;;;;;
cILE;HN;;;;;;;
cILE;CA;;;;;;;
cILE;HA;;;;;;;
cILE;CB;;;;;;;
cILE;C;;;;;;;
cILE;HB;;;;;;;
cILE;CG2;;;;;;;
cILE;CG1;;;;;;;
cILE;O1;;;;;;;
cILE;HG2;;;;;;;
cILE;HG2;;;;;;;
cILE;HG2;;;;;;;
cILE;HG1;;;;;;;
cILE;HG1;;;;;;;
cILE;CD;;;;;;;
cILE;HD;;;;;;;
cILE;HD;;;;;;;
cILE;HD;;;;;;;
cILE;O2;;;;;;;
cILE;HO;;;;;;;
cLEU;N;;;;;;;
cLEU;HN;;;;;;;
cLEU;CA;;;;;;;
cLEU;HA;;;;;;;
cLEU;CB;;;;;;;
cLEU;C;;;;;;;
cLEU;HB;;;;;;;
cLEU;HB;;;;;;;
cLEU;CG;;;;;;;
cLEU;O1;;;;;;;
cLEU;HG;;;;;;;
cLEU;CD;;;;;;;
cLEU;CD;;;;;;;
cLEU;HD;;;;;;;
cLEU;HD;;;;;;;
cLEU;HD;;;;;;;
cLEU;HD;;;;;;;
cLEU;HD;;;;;;;
cLEU;HD;;;;;;;
cLEU;O2;;;;;;;
cLEU;HO;;;;;;;
cLYS;N;;;;;;;
cLYS;HN;;;;;;;
cLYS;CA;;;;;;;
cLYS;HA;;;;;;;
cLYS;CB;;;;;;;
cLYS;C;;;;;;;
cLYS;HB;;;;;;;
cLYS;HB;;;;;;;
cLYS;CG;;;;;;;
cLYS;O1;;;;;;;
cLYS;HG;;;;;;;
cLYS;HG;;;;;;;
cLYS;CD;;;;;;;
cLYS;HD;;;;;;;
cLYS;HD;;;;;;;
cLYS;CE;;;;;;;
cLYS;HE;;;;;;;
cLYS;HE;;;;;;;
cLYS;NZ;;;;;;;
cLYS;HZ;;;;;;;
cLYS;HZ;;;;;;;
cLYS;HZ;;;;;;;
cLYS;O2;;;;;;;
cLYS;HO;;;;;;;
cMET;N;;;;;;;
cMET;HN;;;;;;;
cMET;CA;;;;;;;
cMET;HA;;;;;;;
cMET;CB;;;;;;;
cMET;C;;;;;;;
cMET;HB;;;;;;;
cMET;HB;;;;;;;
cMET;CG;;;;;;;
cMET;O1;;;;;;;
cMET;HG;;;;;;;
cMET;HG;;;;;;;
cMET;SD;;;;;;;
cMET;CE;;;;;;;
cMET;HE;;;;;;;
cMET;HE;;;;;;;
cMET;HE;;;;;;;
cMET;O2;;;;;;;
cMET;HO;;;;;;;
cPHE;N;;;;;;;
cPHE;HN;;;;;;;
cPHE;CA;;;;;;;
cPHE;HA;;;;;;;
cPHE;CB;;;;;;;
cPHE;C;;;;;;;
cPHE;HB;;;;;;;
cPHE;HB;;;;;;;
cPHE;CG;;;;;;;
cPHE;O1;;;;;;;
cPHE;CD;;;;;;;
cPHE;CD;;;;;;;
cPHE;HD;;;;;;;
cPHE;CE;;;;;;;
cPHE;CE;;;;;;;
cPHE;HD;;;;;;;
cPHE;HE;;;;;;;
cPHE;CZ;;;;;;;
cPHE;HE;;;;;;;
cPHE;HZ;;;;;;;
cPHE;O2;;;;;;;
cPHE;HO;;;;;;;
cPRO;N;;;;;;;
cPRO;CD;;;;;;;
cPRO;CA;;;;;;;
cPRO;HD;;;;;;;
cPRO;HD;;;;;;;
cPRO;CG;;;;;;;
cPRO;CB;;;;;;;
cPRO;HA;;;;;;;
cPRO;C;;;;;;;
cPRO;HG;;;;;;;
cPRO;HG;;;;;;;
cPRO;HB;;;;;;;
cPRO;HB;;;;;;;
cPRO;O1;;;;;;;
cPRO;O2;;;;;;;
cPRO;HO;;;;;;;
cSER;N;;;;;;;
cSER;HN;;;;;;;
cSER;CA;;;;;;;
cSER;HA;;;;;;;
cSER;CB;;;;;;;
cSER;C;;;;;;;
cSER;HB;;;;;;;
cSER;HB;;;;;;;
cSER;OG;;;;;;;
cSER;O1;;;;;;;
cSER;HG;;;;;;;
cSER;O2;;;;;;;
cSER;HO;;;;;;;
cTHR;N;;;;;;;
cTHR;HN;;;;;;;
cTHR;CA;;;;;;;
cTHR;HA;;;;;;;
cTHR;CB;;;;;;;
cTHR;C;;;;;;;
cTHR;HB;;;;;;;
cTHR;CG;;;;;;;
cTHR;OG;;;;;;;
cTHR;O1;;;;;;;
cTHR;HG2;;;;;;;
cTHR;HG2;;;;;;;
cTHR;HG2;;;;;;;
cTHR;HG1;;;;;;;
cTHR;O2;;;;;;;
cTHR;HO;;;;;;;
cTRP;N;;;;;;;
cTRP;HN;;;;;;;
cTRP;CA;;;;;;;
cTRP;HA;;;;;;;
cTRP;CB;;;;;;;
cTRP;C;;;;;;;
cTRP;HB;;;;;;;
cTRP;HB;;;;;;;
cTRP;CG;;;;;;;
cTRP;O1;;;;;;;
cTRP;CD1;;;;;;;
cTRP;CD2;;;;;;;
cTRP;HD;;;;;;;
cTRP;NE;;;;;;;
cTRP;CE2;;;;;;;
cTRP;CE3;;;;;;;
cTRP;HE1;;;;;;;
cTRP;CZ2;;;;;;;
cTRP;CZ3;;;;;;;
cTRP;HE3;;;;;;;
cTRP;HZ2;;;;;;;
cTRP;CH2;;;;;;;
cTRP;HZ3;;;;;;;
cTRP;HH2;;;;;;;
cTRP;O2;;;;;;;
cTRP;HO;;;;;;;
cTYR;N;;;;;;;
cTYR;HN;;;;;;;
cTYR;CA;;;;;;;
cTYR;HA;;;;;;;
cTYR;CB;;;;;;;
cTYR;C;;;;;;;
cTYR;HB;;;;;;;
cTYR;HB;;;;;;;
cTYR;CG;;;;;;;
cTYR;O1;;;;;;;
cTYR;CD;;;;;;;
cTYR;CD;;;;;;;
cTYR;HD;;;;;;;
cTYR;CE;;;;;;;
cTYR;CE;;;;;;;
cTYR;HD;;;;;;;
cTYR;HE;;;;;;;
cTYR;CZ;;;;;;;
cTYR;HE;;;;;;;
cTYR;OH;;;;;;;
cTYR;HH;;;;;;;
cTYR;O2;;;;;;;
cTYR;HO;;;;;;;
cVAL;N;;;;;;;
cVAL;HN;;;;;;;
cVAL;CA;;;;;;;
cVAL;HA;;;;;;;
cVAL;CB;;;;;;;
cVAL;C;;;;;;;
cVAL;HB;;;;;;;
cVAL;CG;;;;;;;
cVAL;CG;;;;;;;
cVAL;O1;;;;;;;
cVAL;HG;;;;;;;
cVAL;HG;;;;;;;
cVAL;HG;;;;;;;
cVAL;HG;;;;;;;
cVAL;HG;;;;;;;
cVAL;HG;;;;;;;
cVAL;O2;;;;;;;
cVAL;HO;;;;;;;
cASH;N;;;;;;;
cASH;HN;;;;;;;
cASH;CA;;;;;;;
cASH;HA;;;;;;;
cASH;CB;;;;;;;
cASH;C;;;;;;;
cASH;HB;;;;;;;
cASH;HB;;;;;;;
cASH;CG;;;;;;;
cASH;O1;;;;;;;
cASH;OD1;;;;;;;
cASH;OD2;;;;;;;
cASH;HD;;;;;;;
cASH;O2;;;;;;;
cASH;HO;;;;;;;
cCYD;N;;;;;;;
cCYD;HN;;;;;;;
cCYD;CA;;;;;;;
cCYD;HA;;;;;;;
cCYD;CB;;;;;;;
cCYD;C;;;;;;;
cCYD;HB;;;;;;;
cCYD;HB;;;;;;;
cCYD;SG;;;;;;;
cCYD;O1;;;;;;;
cCYD;O2;;;;;;;
cCYD;HO;;;;;;;
cCYX;N;;;;;;;
cCYX;HN;;;;;;;
cCYX;CA;;;;;;;
cCYX;HA;;;;;;;
cCYX;CB;;;;;;;
cCYX;C;;;;;;;
cCYX;HB;;;;;;;
cCYX;HB;;;;;;;
cCYX;SG;;;;;;;
cCYX;O1;;;;;;;
cCYX;O2;;;;;;;
cCYX;HO;;;;;;;
cGLH;N;;;;;;;
cGLH;HN;;;;;;;
cGLH;CA;;;;;;;
cGLH;HA;;;;;;;
cGLH;CB;;;;;;;
cGLH;C;;;;;;;
cGLH;HB;;;;;;;
cGLH;HB;;;;;;;
cGLH;CG;;;;;;;
cGLH;O1;;;;;;;
cGLH;HG;;;;;;;
cGLH;HG;;;;;;;
cGLH;CD;;;;;;;
cGLH;OE1;;;;;;;
cGLH;OE2;;;;;;;
cGLH;HE;;;;;;;
cGLH;O2;;;;;;;
cGLH;HO;;;;;;;
cLYD;N;;;;;;;
cLYD;HN;;;;;;;
cLYD;CA;;;;;;;
cLYD;HA;;;;;;;
cLYD;CB;;;;;;;
cLYD;C;;;;;;;
cLYD;HB;;;;;;;
cLYD;HB;;;;;;;
cLYD;CG;;;;;;;
cLYD;O1;;;;;;;
cLYD;HG;;;;;;;
cLYD;HG;;;;;;;
cLYD;CD;;;;;;;
cLYD;HD;;;;;;;
cLYD;HD;;;;;;;
cLYD;CE;;;;;;;
cLYD;HE;;;;;;;
cLYD;HE;;;;;;;
cLYD;NZ;;;;;;;
cLYD;HZ;;;;;;;
cLYD;HZ;;;;;;;
cLYD;O2;;;;;;;
cLYD;HO;;;;;;;
CALA;N;;;;;;;
CALA;HN;;;;;;;
CALA;CA;;;;;;;
CALA;HA;;;;;;;
CALA;CB;;;;;;;
CALA;C;;;;;;;
CALA;HB;;;;;;;
CALA;HB;;;;;;;
CALA;HB;;;;;;;
CALA;O;;;;;;;
CALA;O;;;;;;;
CARG;N;;;;;;;
CARG;HN;;;;;;;
CARG;CA;;;;;;;
CARG;HA;;;;;;;
CARG;CB;;;;;;;
CARG;C;;;;;;;
CARG;HB;;;;;;;
CARG;HB;;;;;;;
CARG;CG;;;;;;;
CARG;O;;;;;;;
CARG;HG;;;;;;;
CARG;HG;;;;;;;
CARG;CD;;;;;;;
CARG;HD;;;;;;;
CARG;HD;;;;;;;
CARG;NE;;;;;;;
CARG;HE;;;;;;;
CARG;CZ;;;;;;;
CARG;NH;;;;;;;
CARG;NH;;;;;;;
CARG;HH;;;;;;;
CARG;HH;;;;;;;
CARG;HH;;;;;;;
CARG;HH;;;;;;;
CARG;O;;;;;;;
CASN;N;;;;;;;
CASN;HN;;;;;;;
CASN;CA;;;;;;;
CASN;HA;;;;;;;
CASN;CB;;;;;;;
CASN;C;;;;;;;
CASN;HB;;;;;;;
CASN;HB;;;;;;;
CASN;CG;;;;;;;
CASN;O;;;;;;;
CASN;OD;;;;;;;
CASN;ND;;;;;;;
CASN;HD;;;;;;;
CASN;HD;;;;;;;
CASN;O;;;;;;;
CASP;N;;;;;;;
CASP;HN;;;;;;;
CASP;CA;;;;;;;
CASP;HA;;;;;;;
CASP;CB;;;;;;;
CASP;C;;;;;;;
CASP;HB;;;;;;;
CASP;HB;;;;;;;
CASP;CG;;;;;;;
CASP;O;;;;;;;
CASP;OD;;;;;;;
CASP;OD;;;;;;;
CASP;O;;;;;;;
CCYS;N;;;;;;;
CCYS;HN;;;;;;;
CCYS;CA;;;;;;;
CCYS;HA;;;;;;;
CCYS;CB;;;;;;;
CCYS;C;;;;;;;
CCYS;HB;;;;;;;
CCYS;HB;;;;;;;
CCYS;SG;;;;;;;
CCYS;O;;;;;;;
CCYS;HG;;;;;;;
CCYS;O;;;;;;;
CGLN;N;;;;;;;
CGLN;HN;;;;;;;
CGLN;CA;;;;;;;
CGLN;HA;;;;;;;
CGLN;CB;;;;;;;
CGLN;C;;;;;;;
CGLN;HB;;;;;;;
CGLN;HB;;;;;;;
CGLN;CG;;;;;;;
CGLN;O;;;;;;;
CGLN;HG;;;;;;;
CGLN;HG;;;;;;;
CGLN;CD;;;;;;;
CGLN;OE;;;;;;;
CGLN;NE;;;;;;;
CGLN;HE;;;;;;;
CGLN;HE;;;;;;;
CGLN;O;;;;;;;
CGLU;N;;;;;;;
CGLU;HN;;;;;;;
CGLU;CA;;;;;;;
CGLU;HA;;;;;;;
CGLU;CB;;;;;;;
CGLU;C;;;;;;;
CGLU;HB;;;;;;;
CGLU;HB;;;;;;;
CGLU;CG;;;;;;;
CGLU;O;;;;;;;
CGLU;HG;;;;;;;
CGLU;HG;;;;;;;
CGLU;CD;;;;;;;
CGLU;OE;;;;;;;
CGLU;OE;;;;;;;
CGLU;O;;;;;;;
CGLY;N;;;;;;;
CGLY;HN;;;;;;;
CGLY;CA;;;;;;;
CGLY;C;;;;;;;
CGLY;HA;;;;;;;
CGLY;HA;;;;;;;
CGLY;O;;;;;;;
CGLY;O;;;;;;;
CHID;N;;;;;;;
CHID;HN;;;;;;;
CHID;CA;;;;;;;
CHID;HA;;;;;;;
CHID;CB;;;;;;;
CHID;C;;;;;;;
CHID;HB;;;;;;;
CHID;HB;;;;;;;
CHID;CG;;;;;;;
CHID;O;;;;;;;
CHID;ND;;;;;;;
CHID;CD;;;;;;;
CHID;HD1;;;;;;;
CHID;CE;;;;;;;
CHID;NE;;;;;;;
CHID;HD2;;;;;;;
CHID;HE;;;;;;;
CHID;O;;;;;;;
CHIE;N;;;;;;;
CHIE;HN;;;;;;;
CHIE;CA;;;;;;;
CHIE;HA;;;;;;;
CHIE;CB;;;;;;;
CHIE;C;;;;;;;
CHIE;HB;;;;;;;
CHIE;HB;;;;;;;
CHIE;CG;;;;;;;
CHIE;O;;;;;;;
CHIE;ND;;;;;;;
CHIE;CD;;;;;;;
CHIE;CE;;;;;;;
CHIE;NE;;;;;;;
CHIE;HD;;;;;;;
CHIE;NE1;;;;;;;
CHIE;NE2;;;;;;;
CHIE;O;;;;;;;
CHIS;N;;;;;;;
CHIS;HN;;;;;;;
CHIS;CA;;;;;;;
CHIS;HA;;;;;;;
CHIS;CB;;;;;;;
CHIS;C;;;;;;;
CHIS;HB;;;;;;;
CHIS;HB;;;;;;;
CHIS;CG;;;;;;;
CHIS;O;;;;;;;
CHIS;ND;;;;;;;
CHIS;CD;;;;;;;
CHIS;HD1;;;;;;;
CHIS;CE;;;;;;;
CHIS;NE;;;;;;;
CHIS;HD2;;;;;;;
CHIS;HE1;;;;;;;
CHIS;HE2;;;;;;;
CHIS;O;;;;;;;
CILE;N;;;;;;;
CILE;HN;;;;;;;
CILE;CA;;;;;;;
CILE;HA;;;;;;;
CILE;CB;;;;;;;
CILE;C;;;;;;;
CILE;HB;;;;;;;
CILE;CG2;;;;;;;
CILE;CG1;;;;;;;
CILE;O;;;;;;;
CILE;HG2;;;;;;;
CILE;HG2;;;;;;;
CILE;HG2;;;;;;;
CILE;HG1;;;;;;;
CILE;HG1;;;;;;;
CILE;CD;;;;;;;
CILE;HD;;;;;;;
CILE;HD;;;;;;;
CILE;HD;;;;;;;
CILE;O;;;;;;;
CLEU;N;;;;;;;
CLEU;HN;;;;;;;
CLEU;CA;;;;;;;
CLEU;HA;;;;;;;
CLEU;CB;;;;;;;
CLEU;C;;;;;;;
CLEU;HB;;;;;;;
CLEU;HB;;;;;;;
CLEU;CG;;;;;;;
CLEU;O;;;;;;;
CLEU;HG;;;;;;;
CLEU;CD;;;;;;;
CLEU;CD;;;;;;;
CLEU;HD;;;;;;;
CLEU;HD;;;;;;;
CLEU;HD;;;;;;;
CLEU;HD;;;;;;;
CLEU;HD;;;;;;;
CLEU;HD;;;;;;;
CLEU;O;;;;;;;
CLYS;N;;;;;;;
CLYS;HN;;;;;;;
CLYS;CA;;;;;;;
CLYS;HA;;;;;;;
CLYS;CB;;;;;;;
CLYS;C;;;;;;;
CLYS;HB;;;;;;;
CLYS;HB;;;;;;;
CLYS;CG;;;;;;;
CLYS;O;;;;;;;
CLYS;HG;;;;;;;
CLYS;HG;;;;;;;
CLYS;CD;;;;;;;
CLYS;HD;;;;;;;
CLYS;HD;;;;;;;
CLYS;CE;;;;;;;
CLYS;HE;;;;;;;
CLYS;HE;;;;;;;
CLYS;NZ;;;;;;;
CLYS;HZ;;;;;;;
CLYS;HZ;;;;;;;
CLYS;HZ;;;;;;;
CLYS;O;;;;;;;
CMET;N;;;;;;;
CMET;HN;;;;;;;
CMET;CA;;;;;;;
CMET;HA;;;;;;;
CMET;CB;;;;;;;
CMET;C;;;;;;;
CMET;HB;;;;;;;
CMET;HB;;;;;;;
CMET;CG;;;;;;;
CMET;O;;;;;;;
CMET;HG;;;;;;;
CMET;HG;;;;;;;
CMET;SD;;;;;;;
CMET;CE;;;;;;;
CMET;HE;;;;;;;
CMET;HE;;;;;;;
CMET;HE;;;;;;;
CMET;O;;;;;;;
CPHE;N;;;;;;;
CPHE;HN;;;;;;;
CPHE;CA;;;;;;;
CPHE;HA;;;;;;;
CPHE;CB;;;;;;;
CPHE;C;;;;;;;
CPHE;HB;;;;;;;
CPHE;HB;;;;;;;
CPHE;CG;;;;;;;
CPHE;O;;;;;;;
CPHE;CD;;;;;;;
CPHE;CD;;;;;;;
CPHE;HD;;;;;;;
CPHE;CE;;;;;;;
CPHE;CE;;;;;;;
CPHE;HD;;;;;;;
CPHE;HE;;;;;;;
CPHE;CZ;;;;;;;
CPHE;HE;;;;;;;
CPHE;HZ;;;;;;;
CPHE;O;;;;;;;
CPRO;N;;;;;;;
CPRO;CD;;;;;;;
CPRO;CA;;;;;;;
CPRO;HD;;;;;;;
CPRO;HD;;;;;;;
CPRO;CG;;;;;;;
CPRO;CB;;;;;;;
CPRO;HA;;;;;;;
CPRO;C;;;;;;;
CPRO;HG;;;;;;;
CPRO;HG;;;;;;;
CPRO;HB;;;;;;;
CPRO;HB;;;;;;;
CPRO;O;;;;;;;
CPRO;O;;;;;;;
CSER;N;;;;;;;
CSER;HN;;;;;;;
CSER;CA;;;;;;;
CSER;HA;;;;;;;
CSER;CB;;;;;;;
CSER;C;;;;;;;
CSER;HB;;;;;;;
CSER;HB;;;;;;;
CSER;OG;;;;;;;
CSER;O;;;;;;;
CSER;HG;;;;;;;
CSER;O;;;;;;;
CTHR;N;;;;;;;
CTHR;HN;;;;;;;
CTHR;CA;;;;;;;
CTHR;HA;;;;;;;
CTHR;CB;;;;;;;
CTHR;C;;;;;;;
CTHR;HB;;;;;;;
CTHR;CG;;;;;;;
CTHR;OG;;;;;;;
CTHR;O;;;;;;;
CTHR;HG2;;;;;;;
CTHR;HG2;;;;;;;
CTHR;HG2;;;;;;;
CTHR;HG1;;;;;;;
CTHR;O;;;;;;;
CTRP;N;;;;;;;
CTRP;HN;;;;;;;
CTRP;CA;;;;;;;
CTRP;HA;;;;;;;
CTRP;CB;;;;;;;
CTRP;C;;;;;;;
CTRP;HB;;;;;;;
CTRP;HB;;;;;;;
CTRP;CG;;;;;;;
CTRP;O;;;;;;;
CTRP;CD1;;;;;;;
CTRP;CD2;;;;;;;
CTRP;HD;;;;;;;
CTRP;NE;;;;;;;
CTRP;CE2;;;;;;;
CTRP;CE3;;;;;;;
CTRP;HE1;;;;;;;
CTRP;CZ2;;;;;;;
CTRP;CZ3;;;;;;;
CTRP;HE3;;;;;;;
CTRP;HZ2;;;;;;;
CTRP;CH2;;;;;;;
CTRP;HZ3;;;;;;;
CTRP;HH2;;;;;;;
CTRP;O;;;;;;;
CTYR;N;;;;;;;
CTYR;HN;;;;;;;
CTYR;CA;;;;;;;
CTYR;HA;;;;;;;
CTYR;CB;;;;;;;
CTYR;C;;;;;;;
CTYR;HB;;;;;;;
CTYR;HB;;;;;;;
CTYR;CG;;;;;;;
CTYR;O;;;;;;;
CTYR;CD;;;;;;;
CTYR;CD;;;;;;;
CTYR;HD;;;;;;;
CTYR;CE;;;;;;;
CTYR;CE;;;;;;;
CTYR;HD;;;;;;;
CTYR;HE;;;;;;;
CTYR;CZ;;;;;;;
CTYR;HE;;;;;;;
CTYR;OH;;;;;;;
CTYR;HH;;;;;;;
CTYR;O;;;;;;;
CVAL;N;;;;;;;
CVAL;HN;;;;;;;
CVAL;CA;;;;;;;
CVAL;HA;;;;;;;
CVAL;CB;;;;;;;
CVAL;C;;;;;;;
CVAL;HB;;;;;;;
CVAL;CG;;;;;;;
CVAL;CG;;;;;;;
CVAL;O;;;;;;;
CVAL;HG;;;;;;;
CVAL;HG;;;;;;;
CVAL;HG;;;;;;;
CVAL;HG;;;;;;;
CVAL;HG;;;;;;;
CVAL;HG;;;;;;;
CVAL;O;;;;;;;
CASH;N;;;;;;;
CASH;HN;;;;;;;
CASH;CA;;;;;;;
CASH;HA;;;;;;;
CASH;CB;;;;;;;
CASH;C;;;;;;;
CASH;HB;;;;;;;
CASH;HB;;;;;;;
CASH;CG;;;;;;;
CASH;O;;;;;;;
CASH;OD1;;;;;;;
CASH;OD2;;;;;;;
CASH;HD;;;;;;;
CASH;O;;;;;;;
CCYD;N;;;;;;;
CCYD;HN;;;;;;;
CCYD;CA;;;;;;;
CCYD;HA;;;;;;;
CCYD;CB;;;;;;;
CCYD;C;;;;;;;
CCYD;HB;;;;;;;
CCYD;HB;;;;;;;
CCYD;SG;;;;;;;
CCYD;O;;;;;;;
CCYD;O;;;;;;;
CCYX;N;;;;;;;
CCYX;HN;;;;;;;
CCYX;CA;;;;;;;
CCYX;HA;;;;;;;
CCYX;CB;;;;;;;
CCYX;C;;;;;;;
CCYX;HB;;;;;;;
CCYX;HB;;;;;;;
CCYX;SG;;;;;;;
CCYX;O;;;;;;;
CCYX;O;;;;;;;
CGLH;N;;;;;;;
CGLH;HN;;;;;;;
CGLH;CA;;;;;;;
CGLH;HA;;;;;;;
CGLH;CB;;;;;;;
CGLH;C;;;;;;;
CGLH;HB;;;;;;;
CGLH;HB;;;;;;;
CGLH;CG;;;;;;;
CGLH;O;;;;;;;
CGLH;HG;;;;;;;
CGLH;HG;;;;;;;
CGLH;CD;;;;;;;
CGLH;OE1;;;;;;;
CGLH;OE2;;;;;;;
CGLH;HE;;;;;;;
CGLH;O;;;;;;;
CLYD;N;;;;;;;
CLYD;HN;;;;;;;
CLYD;CA;;;;;;;
CLYD;HA;;;;;;;
CLYD;CB;;;;;;;
CLYD;C;;;;;;;
CLYD;HB;;;;;;;
CLYD;HB;;;;;;;
CLYD;CG;;;;;;;
CLYD;O;;;;;;;
CLYD;HG;;;;;;;
CLYD;HG;;;;;;;
CLYD;CD;;;;;;;
CLYD;HD;;;;;;;
CLYD;HD;;;;;;;
CLYD;CE;;;;;;;
CLYD;HE;;;;;;;
CLYD;HE;;;;;;;
CLYD;NZ;;;;;;;
CLYD;HZ;;;;;;;
CLYD;HZ;;;;;;;
CLYD;O;;;;;;;
