RESNAME;ATOMTYPE
ALA;N
ALA;HN
ALA;CA
ALA;HA
ALA;CB
ALA;C
ALA;HB1
ALA;HB2
ALA;HB3
ALA;O
ARG;N
ARG;HN
ARG;CA
ARG;HA
ARG;CB
ARG;C
ARG;HB2
ARG;HB3
ARG;CG
ARG;O
ARG;HG2
ARG;HG3
ARG;CD
ARG;HD2
ARG;HD3
ARG;NE
ARG;HE
ARG;CZ
ARG;NH1
ARG;NH2
ARG;HH11
ARG;HH12
ARG;HH21
ARG;HH22
ASN;N
ASN;HN
ASN;CA
ASN;HA
ASN;CB
ASN;C
ASN;HB2
ASN;HB3
ASN;CG
ASN;O
ASN;OD1
ASN;ND2
ASN;HD21
ASN;HD22
ASP;N
ASP;HN
ASP;CA
ASP;HA
ASP;CB
ASP;C
ASP;HB2
ASP;HB3
ASP;CG
ASP;O
ASP;OD1
ASP;OD2
CYS;N
CYS;HN
CYS;CA
CYS;HA
CYS;CB
CYS;C
CYS;HB2
CYS;HB3
CYS;SG
CYS;O
CYS;HG
GLN;N
GLN;HN
GLN;CA
GLN;HA
GLN;CB
GLN;C
GLN;HB2
GLN;HB3
GLN;CG
GLN;O
GLN;HG2
GLN;HG3
GLN;CD
GLN;OE1
GLN;NE2
GLN;HE21
GLN;HE22
GLU;N
GLU;HN
GLU;CA
GLU;HA
GLU;CB
GLU;C
GLU;HB2
GLU;HB3
GLU;CG
GLU;O
GLU;HG2
GLU;HG3
GLU;CD
GLU;OE1
GLU;OE2
GLY;N
GLY;HN
GLY;CA
GLY;C
GLY;HA2
GLY;HA3
GLY;O
HID;N
HID;HN
HID;CA
HID;HA
HID;CB
HID;C
HID;HB2
HID;HB3
HID;CG
HID;O
HID;ND
HID;CD
HID;HD1
HID;CE
HID;NE
HID;HD2
HID;HE
HIE;N
HIE;HN
HIE;CA
HIE;HA
HIE;CB
HIE;C
HIE;HB2
HIE;HB3
HIE;CG
HIE;O
HIE;ND
HIE;CD
HIE;CE
HIE;NE
HIE;HD
HIE;HE1
HIE;HE2
HIS;N
HIS;HN
HIS;CA
HIS;HA
HIS;CB
HIS;C
HIS;HB2
HIS;HB3
HIS;CG
HIS;O
HIS;ND
HIS;CD
HIS;HD1
HIS;CE
HIS;NE
HIS;HD2
HIS;HE1
HIS;HE2
ILE;N
ILE;HN
ILE;CA
ILE;HA
ILE;CB
ILE;C
ILE;HB
ILE;CG2
ILE;CG1
ILE;O
ILE;HG21
ILE;HG22
ILE;HG23
ILE;HG12
ILE;HG13
ILE;CD1
ILE;HD11
ILE;HD12
ILE;HD13
LEU;N
LEU;HN
LEU;CA
LEU;HA
LEU;CB
LEU;C
LEU;HB2
LEU;HB3
LEU;CG
LEU;O
LEU;HG
LEU;CD1
LEU;CD2
LEU;HD11
LEU;HD12
LEU;HD13
LEU;HD21
LEU;HD22
LEU;HD23
LYS;N
LYS;HN
LYS;CA
LYS;HA
LYS;CB
LYS;C
LYS;HB2
LYS;HB3
LYS;CG
LYS;O
LYS;HG2
LYS;HG3
LYS;CD
LYS;HD2
LYS;HD3
LYS;CE
LYS;HE2
LYS;HE3
LYS;NZ
LYS;HZ1
LYS;HZ2
LYS;HZ3
MET;N
MET;HN
MET;CA
MET;HA
MET;CB
MET;C
MET;HB2
MET;HB3
MET;CG
MET;O
MET;HG2
MET;HG3
MET;SD
MET;CE
MET;HE1
MET;HE2
MET;HE3
PHE;N
PHE;HN
PHE;CA
PHE;HA
PHE;CB
PHE;C
PHE;HB2
PHE;HB3
PHE;CG
PHE;O
PHE;CD1
PHE;CD2
PHE;HD1
PHE;CE1
PHE;CE2
PHE;HD2
PHE;HE1
PHE;CZ
PHE;HE2
PHE;HZ
PRO;N
PRO;CD
PRO;CA
PRO;HD2
PRO;HD3
PRO;CG
PRO;CB
PRO;HA
PRO;C
PRO;HG2
PRO;HG3
PRO;HB2
PRO;HB3
PRO;O
SER;N
SER;HN
SER;CA
SER;HA
SER;CB
SER;C
SER;HB2
SER;HB3
SER;OG
SER;O
SER;HG
THR;N
THR;HN
THR;CA
THR;HA
THR;CB
THR;C
THR;HB
THR;CG2
THR;OG1
THR;O
THR;HG21
THR;HG22
THR;HG23
THR;HG1
TRP;N
TRP;HN
TRP;CA
TRP;HA
TRP;CB
TRP;C
TRP;HB2
TRP;HB3
TRP;CG
TRP;O
TRP;CD1
TRP;CD2
TRP;HD
TRP;NE
TRP;CE2
TRP;CE3
TRP;HE1
TRP;CZ2
TRP;CZ3
TRP;HE3
TRP;HZ2
TRP;CH2
TRP;HZ3
TRP;HH2
TYR;N
TYR;HN
TYR;CA
TYR;HA
TYR;CB
TYR;C
TYR;HB2
TYR;HB3
TYR;CG
TYR;O
TYR;CD1
TYR;CD2
TYR;HD1
TYR;CE1
TYR;CE2
TYR;HD2
TYR;HE1
TYR;CZ
TYR;HE2
TYR;OH
TYR;HH
VAL;N
VAL;HN
VAL;CA
VAL;HA
VAL;CB
VAL;C
VAL;HB
VAL;CG1
VAL;CG2
VAL;O
VAL;HG11
VAL;HG12
VAL;HG13
VAL;HG21
VAL;HG22
VAL;HG23
ASH;N
ASH;HN
ASH;CA
ASH;HA
ASH;CB
ASH;C
ASH;HB2
ASH;HB3
ASH;CG
ASH;O
ASH;OD1
ASH;OD2
ASH;HD
CYD;N
CYD;HN
CYD;CA
CYD;HA
CYD;CB
CYD;C
CYD;HB2
CYD;HB3
CYD;SG
CYD;O
CYX;N
CYX;HN
CYX;CA
CYX;HA
CYX;CB
CYX;C
CYX;HB2
CYX;HB3
CYX;SG
CYX;O
GLH;N
GLH;HN
GLH;CA
GLH;HA
GLH;CB
GLH;C
GLH;HB2
GLH;HB3
GLH;CG
GLH;O
GLH;HG2
GLH;HG3
GLH;CD
GLH;OE1
GLH;OE2
GLH;HE2
LYD;N
LYD;HN
LYD;CA
LYD;HA
LYD;CB
LYD;C
LYD;HB2
LYD;HB3
LYD;CG
LYD;O
LYD;HG2
LYD;HG3
LYD;CD
LYD;HD2
LYD;HD3
LYD;CE
LYD;HE2
LYD;HE3
LYD;NZ
LYD;HZ2
LYD;HZ3
