ALA,N,,,,,,,,,,,,,,,
ALA,HN,H,,,,,,,,,,,,,,
ALA,CA,,,,,,,,,,,,,,,
ALA,HA,,,,,,,,,,,,,,,
ALA,CB,,,,,,,,,,,,,,,
ALA,C,,,,,,,,,,,,,,,
ALA,HB,HB1,1HB,HB2,2HB,HB3,3HB,,,,,,,,,
ALA,O,,,,,,,,,,,,,,,
ARG,N,,,,,,,,,,,,,,,
ARG,HN,H,,,,,,,,,,,,,,
ARG,CA,,,,,,,,,,,,,,,
ARG,HA,,,,,,,,,,,,,,,
ARG,CB,,,,,,,,,,,,,,,
ARG,C,,,,,,,,,,,,,,,
ARG,HB,HB2,1HB,HB1,HB3,2HB,,,,,,,,,,
ARG,CG,,,,,,,,,,,,,,,
ARG,O,,,,,,,,,,,,,,,
ARG,HG,HG2,1HG,HG1,HG3,2HG,,,,,,,,,,
ARG,CD,,,,,,,,,,,,,,,
ARG,HD,HD2,1HD,HD1,HD3,2HD,,,,,,,,,,
ARG,NE,,,,,,,,,,,,,,,
ARG,HE,,,,,,,,,,,,,,,
ARG,CZ,,,,,,,,,,,,,,,
ARG,NH,NH1,NH2,,,,,,,,,,,,,
ARG,HH,HH11,1HH1,HH12,2HH1,HH21,1HH2,HH22,2HH2,,,,,,,
ASN,N,,,,,,,,,,,,,,,
ASN,HN,H,,,,,,,,,,,,,,
ASN,CA,,,,,,,,,,,,,,,
ASN,HA,,,,,,,,,,,,,,,
ASN,CB,,,,,,,,,,,,,,,
ASN,C,,,,,,,,,,,,,,,
ASN,HB,HB2,1HB,HB1,HB3,2HB,,,,,,,,,,
ASN,CG,,,,,,,,,,,,,,,
ASN,O,,,,,,,,,,,,,,,
ASN,OD,OD1,,,,,,,,,,,,,,
ASN,ND,ND2,,,,,,,,,,,,,,
ASN,HD,HD21,1HD2,HN21,HD22,2HD2,HN22,,,,,,,,,
ASP,N,,,,,,,,,,,,,,,
ASP,HN,H,,,,,,,,,,,,,,
ASP,CA,,,,,,,,,,,,,,,
ASP,HA,,,,,,,,,,,,,,,
ASP,CB,,,,,,,,,,,,,,,
ASP,C,,,,,,,,,,,,,,,
ASP,HB,HB2,1HB,HB1,HB3,2HB,,,,,,,,,,
ASP,CG,,,,,,,,,,,,,,,
ASP,O,,,,,,,,,,,,,,,
ASP,OD,OD1,OD2,,,,,,,,,,,,,
CYS,N,,,,,,,,,,,,,,,
CYS,HN,H,,,,,,,,,,,,,,
CYS,CA,,,,,,,,,,,,,,,
CYS,HA,,,,,,,,,,,,,,,
CYS,CB,,,,,,,,,,,,,,,
CYS,C,,,,,,,,,,,,,,,
CYS,HB,HB2,1HB,HB1,HB3,2HB,,,,,,,,,,
CYS,SG,,,,,,,,,,,,,,,
CYS,O,,,,,,,,,,,,,,,
CYS,HG,,,,,,,,,,,,,,,
GLN,N,,,,,,,,,,,,,,,
GLN,HN,H,,,,,,,,,,,,,,
GLN,CA,,,,,,,,,,,,,,,
GLN,HA,,,,,,,,,,,,,,,
GLN,CB,,,,,,,,,,,,,,,
GLN,C,,,,,,,,,,,,,,,
GLN,HB,HB2,1HB,HB1,HB3,2HB,,,,,,,,,,
GLN,CG,,,,,,,,,,,,,,,
GLN,O,,,,,,,,,,,,,,,
GLN,HG,HG2,1HG,HG1,HG3,2HG,,,,,,,,,,
GLN,CD,,,,,,,,,,,,,,,
GLN,OE,OE1,,,,,,,,,,,,,,
GLN,NE,NE2,,,,,,,,,,,,,,
GLN,HE,HE21,1HE2,HE22,2HE2,,,,,,,,,,,
GLU,N,,,,,,,,,,,,,,,
GLU,HN,H,,,,,,,,,,,,,,
GLU,CA,,,,,,,,,,,,,,,
GLU,HA,,,,,,,,,,,,,,,
GLU,CB,,,,,,,,,,,,,,,
GLU,C,,,,,,,,,,,,,,,
GLU,HB,HB2,1HB,HB1,HB3,2HB,,,,,,,,,,
GLU,CG,,,,,,,,,,,,,,,
GLU,O,,,,,,,,,,,,,,,
GLU,HG,HG2,1HG,HG1,HG3,2HG,,,,,,,,,,
GLU,CD,,,,,,,,,,,,,,,
GLU,OE,OE1,OE2,,,,,,,,,,,,,
GLY,N,,,,,,,,,,,,,,,
GLY,HN,H,,,,,,,,,,,,,,
GLY,CA,,,,,,,,,,,,,,,
GLY,C,,,,,,,,,,,,,,,
GLY,HA,HA2,1HA,HA1,HA3,2HA,,,,,,,,,,
GLY,O,,,,,,,,,,,,,,,
HID,N,,,,,,,,,,,,,,,
HID,HN,H,,,,,,,,,,,,,,
HID,CA,,,,,,,,,,,,,,,
HID,HA,,,,,,,,,,,,,,,
HID,CB,,,,,,,,,,,,,,,
HID,C,,,,,,,,,,,,,,,
HID,HB,HB2,1HB,HB1,HB3,2HB,,,,,,,,,,
HID,CG,,,,,,,,,,,,,,,
HID,O,,,,,,,,,,,,,,,
HID,ND,ND1,,,,,,,,,,,,,,
HID,CD,,,,,,,,,,,,,,,
HID,HD1,,,,,,,,,,,,,,,
HID,CE,,,,,,,,,,,,,,,
HID,NE,NE2,,,,,,,,,,,,,,
HID,HD2,,,,,,,,,,,,,,,
HID,HE,,,,,,,,,,,,,,,
HIE,N,,,,,,,,,,,,,,,
HIE,HN,H,,,,,,,,,,,,,,
HIE,CA,,,,,,,,,,,,,,,
HIE,HA,,,,,,,,,,,,,,,
HIE,CB,,,,,,,,,,,,,,,
HIE,C,,,,,,,,,,,,,,,
HIE,HB,HB2,1HB,HB1,HB3,2HB,,,,,,,,,,
HIE,CG,,,,,,,,,,,,,,,
HIE,O,,,,,,,,,,,,,,,
HIE,ND,ND1,,,,,,,,,,,,,,
HIE,CD,,,,,,,,,,,,,,,
HIE,CE,,,,,,,,,,,,,,,
HIE,NE,NE2,,,,,,,,,,,,,,
HIE,HD,,,,,,,,,,,,,,,
HIE,HE1,,,,,,,,,,,,,,,
HIE,HE2,HNE2,,,,,,,,,,,,,,
HIS,N,,,,,,,,,,,,,,,
HIS,HN,H,,,,,,,,,,,,,,
HIS,CA,,,,,,,,,,,,,,,
HIS,HA,,,,,,,,,,,,,,,
HIS,CB,,,,,,,,,,,,,,,
HIS,C,,,,,,,,,,,,,,,
HIS,HB,HB2,1HB,HB1,HB3,2HB,,,,,,,,,,
HIS,CG,,,,,,,,,,,,,,,
HIS,O,,,,,,,,,,,,,,,
HIS,ND,ND1,,,,,,,,,,,,,,
HIS,CD,,,,,,,,,,,,,,,
HIS,HD1,,,,,,,,,,,,,,,
HIS,CE,,,,,,,,,,,,,,,
HIS,NE,NE2,,,,,,,,,,,,,,
HIS,HD2,,,,,,,,,,,,,,,
HIS,HE1,,,,,,,,,,,,,,,
HIS,HE2,HNE2,,,,,,,,,,,,,,
ILE,N,,,,,,,,,,,,,,,
ILE,HN,H,,,,,,,,,,,,,,
ILE,CA,,,,,,,,,,,,,,,
ILE,HA,,,,,,,,,,,,,,,
ILE,CB,,,,,,,,,,,,,,,
ILE,C,,,,,,,,,,,,,,,
ILE,HB,,,,,,,,,,,,,,,
ILE,CG2,,,,,,,,,,,,,,,
ILE,CG1,,,,,,,,,,,,,,,
ILE,O,,,,,,,,,,,,,,,
ILE,HG2,HG21,1HG2,HG21,HG22,2HG2,HG23,3HG2,,,,,,,,
ILE,HG1,HG12,1HG1,HG11,HG13,2HG1,,,,,,,,,,
ILE,CD,CD1,CD2,,,,,,,,,,,,,
ILE,HD,HD11,1HD1,HD12,2HD1,HD13,3HD1,,,,,,,,,
LEU,N,,,,,,,,,,,,,,,
LEU,HN,H,,,,,,,,,,,,,,
LEU,CA,,,,,,,,,,,,,,,
LEU,HA,,,,,,,,,,,,,,,
LEU,CB,,,,,,,,,,,,,,,
LEU,C,,,,,,,,,,,,,,,
LEU,HB,HB2,1HB,HB1,HB3,2HB,,,,,,,,,,
LEU,CG,,,,,,,,,,,,,,,
LEU,O,,,,,,,,,,,,,,,
LEU,HG,,,,,,,,,,,,,,,
LEU,CD,,,,,,,,,,,,,,,
LEU,HD,HD11,1HD1,HD12,2HD1,HD13,3HD1,HD21,1HD2,HD22,2HD2,HD23,3HD2,,,
LYS,N,,,,,,,,,,,,,,,
LYS,HN,H,,,,,,,,,,,,,,
LYS,CA,,,,,,,,,,,,,,,
LYS,HA,,,,,,,,,,,,,,,
LYS,CB,,,,,,,,,,,,,,,
LYS,C,,,,,,,,,,,,,,,
LYS,HB,HB2,1HB,HB1,HB3,2HB,,,,,,,,,,
LYS,CG,,,,,,,,,,,,,,,
LYS,O,,,,,,,,,,,,,,,
LYS,HG,HG2,1HG,HG1,HG3,2HG,,,,,,,,,,
LYS,CD,,,,,,,,,,,,,,,
LYS,HD,HD2,1HD,HD1,HD3,2HD,,,,,,,,,,
LYS,CE,,,,,,,,,,,,,,,
LYS,HE,HE2,1HE,HE1,HE3,2HE,,,,,,,,,,
LYS,NZ,,,,,,,,,,,,,,,
LYS,HZ,HZ1,1HZ,HNZ1,HZ2,2HZ,HNZ2,HZ3,3HZ,HNZ3,,,,,,
MET,N,,,,,,,,,,,,,,,
MET,HN,H,,,,,,,,,,,,,,
MET,CA,,,,,,,,,,,,,,,
MET,HA,,,,,,,,,,,,,,,
MET,CB,,,,,,,,,,,,,,,
MET,C,,,,,,,,,,,,,,,
MET,HB,HB2,1HB,HB1,HB3,2HB,,,,,,,,,,
MET,CG,,,,,,,,,,,,,,,
MET,O,,,,,,,,,,,,,,,
MET,HG,HG2,1HG,HG1,HG3,2HG,,,,,,,,,,
MET,SD,,,,,,,,,,,,,,,
MET,CE,,,,,,,,,,,,,,,
MET,HE,HE1,1HE,HE1,HE2,2HE,HE2,HE3,3HE,HE3,,,,,,
PHE,N,,,,,,,,,,,,,,,
PHE,HN,H,,,,,,,,,,,,,,
PHE,CA,,,,,,,,,,,,,,,
PHE,HA,,,,,,,,,,,,,,,
PHE,CB,,,,,,,,,,,,,,,
PHE,C,,,,,,,,,,,,,,,
PHE,HB,HB2,1HB,HB1,HB3,2HB,,,,,,,,,,
PHE,CG,,,,,,,,,,,,,,,
PHE,O,,,,,,,,,,,,,,,
PHE,CD,CD1,CD2,,,,,,,,,,,,,
PHE,HD,HD1,HD2,,,,,,,,,,,,,
PHE,CE,CE1,CE2,,,,,,,,,,,,,
PHE,HE,HE1,HE2,,,,,,,,,,,,,
PHE,CZ,,,,,,,,,,,,,,,
PHE,HZ,,,,,,,,,,,,,,,
PRO,N,,,,,,,,,,,,,,,
PRO,CD,,,,,,,,,,,,,,,
PRO,CA,,,,,,,,,,,,,,,
PRO,HD,HD2,1HD,HD2,HD3,2HD,,,,,,,,,,
PRO,CG,,,,,,,,,,,,,,,
PRO,CB,,,,,,,,,,,,,,,
PRO,HA,,,,,,,,,,,,,,,
PRO,C,,,,,,,,,,,,,,,
PRO,HG,HG2,1HG,HG1,HG3,2HG,,,,,,,,,,
PRO,HB,HB2,1HB,HB1,HB3,2HB,,,,,,,,,,
PRO,O,,,,,,,,,,,,,,,
SER,N,,,,,,,,,,,,,,,
SER,HN,H,,,,,,,,,,,,,,
SER,CA,,,,,,,,,,,,,,,
SER,HA,,,,,,,,,,,,,,,
SER,CB,,,,,,,,,,,,,,,
SER,C,,,,,,,,,,,,,,,
SER,HB,HB2,1HB,HB1,HB3,2HB,,,,,,,,,,
SER,OG,,,,,,,,,,,,,,,
SER,O,,,,,,,,,,,,,,,
SER,HG,,,,,,,,,,,,,,,
THR,N,,,,,,,,,,,,,,,
THR,HN,H,,,,,,,,,,,,,,
THR,CA,,,,,,,,,,,,,,,
THR,HA,,,,,,,,,,,,,,,
THR,CB,,,,,,,,,,,,,,,
THR,C,,,,,,,,,,,,,,,
THR,HB,,,,,,,,,,,,,,,
THR,CG,CG2,,,,,,,,,,,,,,
THR,OG,OG1,,,,,,,,,,,,,,
THR,O,,,,,,,,,,,,,,,
THR,HG2,HG21,1HG2,HG22,2HG2,HG23,3HG2,,,,,,,,,
THR,HG1,HG1,HOG1,,,,,,,,,,,,,
TRP,N,,,,,,,,,,,,,,,
TRP,HN,H,,,,,,,,,,,,,,
TRP,CA,,,,,,,,,,,,,,,
TRP,HA,,,,,,,,,,,,,,,
TRP,CB,,,,,,,,,,,,,,,
TRP,C,,,,,,,,,,,,,,,
TRP,HB,HB2,1HB,HB1,HB3,2HB,,,,,,,,,,
TRP,CG,,,,,,,,,,,,,,,
TRP,O,,,,,,,,,,,,,,,
TRP,CD1,,,,,,,,,,,,,,,
TRP,CD2,,,,,,,,,,,,,,,
TRP,HD,HD1,,,,,,,,,,,,,,
TRP,NE,NE1,,,,,,,,,,,,,,
TRP,CE2,,,,,,,,,,,,,,,
TRP,CE3,,,,,,,,,,,,,,,
TRP,HE1,,,,,,,,,,,,,,,
TRP,CZ2,,,,,,,,,,,,,,,
TRP,CZ3,,,,,,,,,,,,,,,
TRP,HE3,,,,,,,,,,,,,,,
TRP,HZ2,,,,,,,,,,,,,,,
TRP,CH2,,,,,,,,,,,,,,,
TRP,HZ3,,,,,,,,,,,,,,,
TRP,HH2,,,,,,,,,,,,,,,
TYR,N,,,,,,,,,,,,,,,
TYR,HN,H,,,,,,,,,,,,,,
TYR,CA,,,,,,,,,,,,,,,
TYR,HA,,,,,,,,,,,,,,,
TYR,CB,,,,,,,,,,,,,,,
TYR,C,,,,,,,,,,,,,,,
TYR,HB,HB2,1HB,HB1,HB3,2HB,,,,,,,,,,
TYR,CG,,,,,,,,,,,,,,,
TYR,O,,,,,,,,,,,,,,,
TYR,CD,CD1,CD2,,,,,,,,,,,,,
TYR,HD,HD1,HD2,,,,,,,,,,,,,
TYR,CE,CE1,CE2,,,,,,,,,,,,,
TYR,HE,HE1,HE2,,,,,,,,,,,,,
TYR,CZ,,,,,,,,,,,,,,,
TYR,OH,,,,,,,,,,,,,,,
TYR,HH,,,,,,,,,,,,,,,
VAL,N,,,,,,,,,,,,,,,
VAL,HN,H,,,,,,,,,,,,,,
VAL,CA,,,,,,,,,,,,,,,
VAL,HA,,,,,,,,,,,,,,,
VAL,CB,,,,,,,,,,,,,,,
VAL,C,,,,,,,,,,,,,,,
VAL,HB,,,,,,,,,,,,,,,
VAL,CG,CG1,CG2,,,,,,,,,,,,,
VAL,O,,,,,,,,,,,,,,,
VAL,HG,HG11,1HG1,HG21,HG12,2HG1,HG22,HG13,3HG1,HG23,HG21,1HG2,HG22,2HG2,HG23,3HG2
ASH,N,,,,,,,,,,,,,,,
ASH,HN,H,,,,,,,,,,,,,,
ASH,CA,,,,,,,,,,,,,,,
ASH,HA,,,,,,,,,,,,,,,
ASH,CB,,,,,,,,,,,,,,,
ASH,C,,,,,,,,,,,,,,,
ASH,HB,HB2,1HB,HB1,HB3,2HB,,,,,,,,,,
ASH,CG,,,,,,,,,,,,,,,
ASH,O,,,,,,,,,,,,,,,
ASH,OD1,,,,,,,,,,,,,,,
ASH,OD2,,,,,,,,,,,,,,,
ASH,HD,HD2,,,,,,,,,,,,,,
CYD,N,,,,,,,,,,,,,,,
CYD,HN,H,,,,,,,,,,,,,,
CYD,CA,,,,,,,,,,,,,,,
CYD,HA,,,,,,,,,,,,,,,
CYD,CB,,,,,,,,,,,,,,,
CYD,C,,,,,,,,,,,,,,,
CYD,HB,HB2,1HB,HB1,HB3,2HB,,,,,,,,,,
CYD,SG,,,,,,,,,,,,,,,
CYD,O,,,,,,,,,,,,,,,
CYX,N,,,,,,,,,,,,,,,
CYX,HN,H,,,,,,,,,,,,,,
CYX,CA,,,,,,,,,,,,,,,
CYX,HA,,,,,,,,,,,,,,,
CYX,CB,,,,,,,,,,,,,,,
CYX,C,,,,,,,,,,,,,,,
CYX,HB,HB2,1HB,HB1,HB3,2HB,,,,,,,,,,
CYX,SG,,,,,,,,,,,,,,,
CYX,O,,,,,,,,,,,,,,,
GLH,N,,,,,,,,,,,,,,,
GLH,HN,H,,,,,,,,,,,,,,
GLH,CA,,,,,,,,,,,,,,,
GLH,HA,,,,,,,,,,,,,,,
GLH,CB,,,,,,,,,,,,,,,
GLH,C,,,,,,,,,,,,,,,
GLH,HB,HB2,1HB,HB1,HB3,2HB,,,,,,,,,,
GLH,CG,,,,,,,,,,,,,,,
GLH,O,,,,,,,,,,,,,,,
GLH,HG,HG2,1HG,HG1,HG3,2HG,,,,,,,,,,
GLH,CD,,,,,,,,,,,,,,,
GLH,OE1,,,,,,,,,,,,,,,
GLH,OE2,,,,,,,,,,,,,,,
GLH,HE,HE2,,,,,,,,,,,,,,
LYD,N,,,,,,,,,,,,,,,
LYD,HN,H,,,,,,,,,,,,,,
LYD,CA,,,,,,,,,,,,,,,
LYD,HA,,,,,,,,,,,,,,,
LYD,CB,,,,,,,,,,,,,,,
LYD,C,,,,,,,,,,,,,,,
LYD,HB,HB2,1HB,HB1,HB3,2HB,,,,,,,,,,
LYD,CG,,,,,,,,,,,,,,,
LYD,O,,,,,,,,,,,,,,,
LYD,HG,HG2,1HG,HG1,HG3,2HG,,,,,,,,,,
LYD,CD,,,,,,,,,,,,,,,
LYD,HD,HD2,1HD,HD1,HD3,2HD,,,,,,,,,,
LYD,CE,,,,,,,,,,,,,,,
LYD,HE,HE2,1HE,HE1,HE3,2HE,,,,,,,,,,
LYD,NZ,,,,,,,,,,,,,,,
LYD,HZ,HZ1,1HZ,HNZ1,HZ2,2HZ,HNZ2,HZ3,3HZ,HNZ3,,,,,,
NALA,HN,H1,1H,HN1,HT1,H2,2H,HN2,HT2,H3,3H,HN3,HT3,H,,
NALA,N,,,,,,,,,,,,,,,
NALA,CA,,,,,,,,,,,,,,,
NALA,HA,,,,,,,,,,,,,,,
NALA,CB,,,,,,,,,,,,,,,
NALA,C,,,,,,,,,,,,,,,
NALA,HB,HB1,1HB,HB2,2HB,HB3,3HB,,,,,,,,,
NALA,O,,,,,,,,,,,,,,,
NARG,HN,H1,1H,HN1,HT1,H2,2H,HN2,HT2,H3,3H,HN3,HT3,H,,
NARG,N,,,,,,,,,,,,,,,
NARG,CA,,,,,,,,,,,,,,,
NARG,HA,,,,,,,,,,,,,,,
NARG,CB,,,,,,,,,,,,,,,
NARG,C,,,,,,,,,,,,,,,
NARG,HB,HB2,1HB,HB1,HB3,2HB,,,,,,,,,,
NARG,CG,CG,,,,,,,,,,,,,,
NARG,O,O,,,,,,,,,,,,,,
NARG,HG,HG2,1HG,HG1,HG3,2HG,,,,,,,,,,
NARG,CD,,,,,,,,,,,,,,,
NARG,HD,HD2,1HD,HD1,HD3,2HD,,,,,,,,,,
NARG,NE,,,,,,,,,,,,,,,
NARG,HE,HE,,,,,,,,,,,,,,
NARG,CZ,,,,,,,,,,,,,,,
NARG,NH,NH1,NH2,,,,,,,,,,,,,
NARG,HH,HH11,1HH1,HH12,2HH1,HH21,1HH2,HH22,2HH2,,,,,,,
NASN,HN,H1,1H,HN1,HT1,H2,2H,HN2,HT2,H3,3H,HN3,HT3,H,,
NASN,N,,,,,,,,,,,,,,,
NASN,CA,,,,,,,,,,,,,,,
NASN,HA,,,,,,,,,,,,,,,
NASN,CB,,,,,,,,,,,,,,,
NASN,C,,,,,,,,,,,,,,,
NASN,HB,HB2,1HB,HB1,HB3,2HB,,,,,,,,,,
NASN,CG,,,,,,,,,,,,,,,
NASN,O,,,,,,,,,,,,,,,
NASN,OD,OD1,,,,,,,,,,,,,,
NASN,ND,ND2,,,,,,,,,,,,,,
NASN,HD,HD21,1HD2,HN21,HD22,2HD2,HN22,,,,,,,,,
NASP,HN,H1,1H,HN1,HT1,H2,2H,HN2,HT2,H3,3H,HN3,HT3,H,,
NASP,N,,,,,,,,,,,,,,,
NASP,CA,,,,,,,,,,,,,,,
NASP,HA,,,,,,,,,,,,,,,
NASP,CB,,,,,,,,,,,,,,,
NASP,C,,,,,,,,,,,,,,,
NASP,HB,HB2,1HB,HB1,HB3,2HB,,,,,,,,,,
NASP,CG,,,,,,,,,,,,,,,
NASP,O,,,,,,,,,,,,,,,
NASP,OD,OD1,OD2,,,,,,,,,,,,,
NCYS,HN,H1,1H,HN1,HT1,H2,2H,HN2,HT2,H3,3H,HN3,HT3,H,,
NCYS,N,,,,,,,,,,,,,,,
NCYS,CA,,,,,,,,,,,,,,,
NCYS,HA,,,,,,,,,,,,,,,
NCYS,CB,,,,,,,,,,,,,,,
NCYS,C,,,,,,,,,,,,,,,
NCYS,HB,HB2,1HB,HB1,HB3,2HB,,,,,,,,,,
NCYS,SG,,,,,,,,,,,,,,,
NCYS,O,,,,,,,,,,,,,,,
NCYS,HG,,,,,,,,,,,,,,,
NGLN,HN,H1,1H,HN1,HT1,H2,2H,HN2,HT2,H3,3H,HN3,HT3,H,,
NGLN,N,,,,,,,,,,,,,,,
NGLN,CA,,,,,,,,,,,,,,,
NGLN,HA,,,,,,,,,,,,,,,
NGLN,CB,,,,,,,,,,,,,,,
NGLN,C,,,,,,,,,,,,,,,
NGLN,HB,HB2,1HB,HB1,HB3,2HB,,,,,,,,,,
NGLN,CG,,,,,,,,,,,,,,,
NGLN,O,,,,,,,,,,,,,,,
NGLN,HG,HG2,1HG,HG1,HG3,2HG,,,,,,,,,,
NGLN,CD,,,,,,,,,,,,,,,
NGLN,OE,OE1,,,,,,,,,,,,,,
NGLN,NE,NE2,,,,,,,,,,,,,,
NGLN,HE,HE21,1HE2,HE22,2HE2,,,,,,,,,,,
NGLU,HN,H1,1H,HN1,HT1,H2,2H,HN2,HT2,H3,3H,HN3,HT3,H,,
NGLU,N,,,,,,,,,,,,,,,
NGLU,CA,,,,,,,,,,,,,,,
NGLU,HA,,,,,,,,,,,,,,,
NGLU,CB,,,,,,,,,,,,,,,
NGLU,C,,,,,,,,,,,,,,,
NGLU,HB,HB2,1HB,HB1,HB3,2HB,,,,,,,,,,
NGLU,CG,,,,,,,,,,,,,,,
NGLU,O,,,,,,,,,,,,,,,
NGLU,HG,HG2,1HG,HG1,HG3,2HG,,,,,,,,,,
NGLU,CD,,,,,,,,,,,,,,,
NGLU,OE,OE1,OE2,,,,,,,,,,,,,
NGLY,HN,H1,1H,HN1,HT1,H2,2H,HN2,HT2,H3,3H,HN3,HT3,H,,
NGLY,N,,,,,,,,,,,,,,,
NGLY,CA,,,,,,,,,,,,,,,
NGLY,C,,,,,,,,,,,,,,,
NGLY,HA,HA2,1HA,HA1,HA3,2HA,,,,,,,,,,
NGLY,O,,,,,,,,,,,,,,,
NHID,HN,H1,1H,HN1,HT1,H2,2H,HN2,HT2,H3,3H,HN3,HT3,H,,
NHID,N,,,,,,,,,,,,,,,
NHID,CA,,,,,,,,,,,,,,,
NHID,HA,,,,,,,,,,,,,,,
NHID,CB,,,,,,,,,,,,,,,
NHID,C,,,,,,,,,,,,,,,
NHID,HB,HB2,1HB,HB1,HB3,2HB,,,,,,,,,,
NHID,CG,,,,,,,,,,,,,,,
NHID,O,,,,,,,,,,,,,,,
NHID,ND,ND1,,,,,,,,,,,,,,
NHID,CD,,,,,,,,,,,,,,,
NHID,HD1,,,,,,,,,,,,,,,
NHID,CE,,,,,,,,,,,,,,,
NHID,NE,NE2,,,,,,,,,,,,,,
NHID,HD2,,,,,,,,,,,,,,,
NHID,HE,,,,,,,,,,,,,,,
NHIE,HN,H1,1H,HN1,HT1,H2,2H,HN2,HT2,H3,3H,HN3,HT3,H,,
NHIE,N,,,,,,,,,,,,,,,
NHIE,CA,,,,,,,,,,,,,,,
NHIE,HA,,,,,,,,,,,,,,,
NHIE,CB,,,,,,,,,,,,,,,
NHIE,C,,,,,,,,,,,,,,,
NHIE,HB,HB2,1HB,HB1,HB3,2HB,,,,,,,,,,
NHIE,CG,,,,,,,,,,,,,,,
NHIE,O,,,,,,,,,,,,,,,
NHIE,ND,ND1,,,,,,,,,,,,,,
NHIE,CD,,,,,,,,,,,,,,,
NHIE,CE,,,,,,,,,,,,,,,
NHIE,NE,NE2,,,,,,,,,,,,,,
NHIE,HD,,,,,,,,,,,,,,,
NHIE,HE1,,,,,,,,,,,,,,,
NHIE,HE2,HNE2,,,,,,,,,,,,,,
NHIS,HN,H1,1H,HN1,HT1,H2,2H,HN2,HT2,H3,3H,HN3,HT3,H,,
NHIS,N,,,,,,,,,,,,,,,
NHIS,CA,,,,,,,,,,,,,,,
NHIS,HA,,,,,,,,,,,,,,,
NHIS,CB,,,,,,,,,,,,,,,
NHIS,C,,,,,,,,,,,,,,,
NHIS,HB,HB2,1HB,HB1,HB3,2HB,,,,,,,,,,
NHIS,CG,,,,,,,,,,,,,,,
NHIS,O,,,,,,,,,,,,,,,
NHIS,ND,ND1,,,,,,,,,,,,,,
NHIS,CD,,,,,,,,,,,,,,,
NHIS,HD1,,,,,,,,,,,,,,,
NHIS,CE,,,,,,,,,,,,,,,
NHIS,NE,NE2,,,,,,,,,,,,,,
NHIS,HD2,,,,,,,,,,,,,,,
NHIS,HE1,,,,,,,,,,,,,,,
NHIS,HE2,HNE2,,,,,,,,,,,,,,
NILE,HN,H1,1H,HN1,HT1,H2,2H,HN2,HT2,H3,3H,HN3,HT3,H,,
NILE,N,,,,,,,,,,,,,,,
NILE,CA,,,,,,,,,,,,,,,
NILE,HA,,,,,,,,,,,,,,,
NILE,CB,,,,,,,,,,,,,,,
NILE,C,,,,,,,,,,,,,,,
NILE,HB,,,,,,,,,,,,,,,
NILE,CG2,,,,,,,,,,,,,,,
NILE,CG1,,,,,,,,,,,,,,,
NILE,O,,,,,,,,,,,,,,,
NILE,HG2,HG21,1HG2,HG21,HG22,2HG2,HG23,3HG2,,,,,,,,
NILE,HG1,HG12,1HG1,HG11,HG13,2HG1,,,,,,,,,,
NILE,CD,CD1,CD2,,,,,,,,,,,,,
NILE,HD,HD11,1HD1,HD12,2HD1,HD13,3HD1,,,,,,,,,
NLEU,HN,H1,1H,HN1,HT1,H2,2H,HN2,HT2,H3,3H,HN3,HT3,H,,
NLEU,N,,,,,,,,,,,,,,,
NLEU,CA,,,,,,,,,,,,,,,
NLEU,HA,,,,,,,,,,,,,,,
NLEU,CB,,,,,,,,,,,,,,,
NLEU,C,,,,,,,,,,,,,,,
NLEU,HB,HB2,1HB,HB1,HB3,2HB,,,,,,,,,,
NLEU,CG,,,,,,,,,,,,,,,
NLEU,O,,,,,,,,,,,,,,,
NLEU,HG,,,,,,,,,,,,,,,
NLEU,CD,,,,,,,,,,,,,,,
NLEU,HD,HD11,1HD1,HD12,2HD1,HD13,3HD1,HD21,1HD2,HD22,2HD2,HD23,3HD2,,,
NLYS,HN,H1,1H,HN1,HT1,H2,2H,HN2,HT2,H3,3H,HN3,HT3,H,,
NLYS,N,,,,,,,,,,,,,,,
NLYS,CA,,,,,,,,,,,,,,,
NLYS,HA,,,,,,,,,,,,,,,
NLYS,CB,,,,,,,,,,,,,,,
NLYS,C,,,,,,,,,,,,,,,
NLYS,HB,HB2,1HB,HB1,HB3,2HB,,,,,,,,,,
NLYS,CG,,,,,,,,,,,,,,,
NLYS,O,,,,,,,,,,,,,,,
NLYS,HG,HG2,1HG,HG1,HG3,2HG,,,,,,,,,,
NLYS,CD,,,,,,,,,,,,,,,
NLYS,HD,HD2,1HD,HD1,HD3,2HD,,,,,,,,,,
NLYS,CE,,,,,,,,,,,,,,,
NLYS,HE,HE2,1HE,HE1,HE3,2HE,,,,,,,,,,
NLYS,NZ,,,,,,,,,,,,,,,
NLYS,HZ,HZ1,1HZ,HNZ1,HZ2,2HZ,HNZ2,HZ3,3HZ,HNZ3,,,,,,
NMET,HN,H1,1H,HN1,HT1,H2,2H,HN2,HT2,H3,3H,HN3,HT3,H,,
NMET,N,,,,,,,,,,,,,,,
NMET,CA,,,,,,,,,,,,,,,
NMET,HA,,,,,,,,,,,,,,,
NMET,CB,,,,,,,,,,,,,,,
NMET,C,,,,,,,,,,,,,,,
NMET,HB,HB2,1HB,HB1,HB3,2HB,,,,,,,,,,
NMET,CG,,,,,,,,,,,,,,,
NMET,O,,,,,,,,,,,,,,,
NMET,HG,HG2,1HG,HG1,HG3,2HG,,,,,,,,,,
NMET,SD,,,,,,,,,,,,,,,
NMET,CE,,,,,,,,,,,,,,,
NMET,HE,HE1,1HE,HE1,HE2,2HE,HE2,HE3,3HE,HE3,,,,,,
NPHE,HN,H1,1H,HN1,HT1,H2,2H,HN2,HT2,H3,3H,HN3,HT3,H,,
NPHE,N,,,,,,,,,,,,,,,
NPHE,CA,,,,,,,,,,,,,,,
NPHE,HA,,,,,,,,,,,,,,,
NPHE,CB,,,,,,,,,,,,,,,
NPHE,C,,,,,,,,,,,,,,,
NPHE,HB,HB2,1HB,HB1,HB3,2HB,,,,,,,,,,
NPHE,CG,,,,,,,,,,,,,,,
NPHE,O,,,,,,,,,,,,,,,
NPHE,CD,CD1,CD2,,,,,,,,,,,,,
NPHE,HD,HD1,HD2,,,,,,,,,,,,,
NPHE,CE,CE1,CE2,,,,,,,,,,,,,
NPHE,HE,HE1,HE2,,,,,,,,,,,,,
NPHE,CZ,,,,,,,,,,,,,,,
NPHE,HZ,,,,,,,,,,,,,,,
NPRO,HN,H1,1H,HN1,HT1,H2,2H,HN2,HT2,,,,,,,
NPRO,N,,,,,,,,,,,,,,,
NPRO,CD,,,,,,,,,,,,,,,
NPRO,CA,,,,,,,,,,,,,,,
NPRO,HD,HD2,1HD,HD2,HD3,2HD,,,,,,,,,,
NPRO,CG,,,,,,,,,,,,,,,
NPRO,CB,,,,,,,,,,,,,,,
NPRO,HA,,,,,,,,,,,,,,,
NPRO,C,,,,,,,,,,,,,,,
NPRO,HG,HG2,1HG,HG1,HG3,2HG,,,,,,,,,,
NPRO,HB,HB2,1HB,HB1,HB3,2HB,,,,,,,,,,
NPRO,O,,,,,,,,,,,,,,,
NSER,HN,H1,1H,HN1,HT1,H2,2H,HN2,HT2,H3,3H,HN3,HT3,H,,
NSER,N,,,,,,,,,,,,,,,
NSER,CA,,,,,,,,,,,,,,,
NSER,HA,,,,,,,,,,,,,,,
NSER,CB,,,,,,,,,,,,,,,
NSER,C,,,,,,,,,,,,,,,
NSER,HB,HB2,1HB,HB1,HB3,2HB,,,,,,,,,,
NSER,OG,,,,,,,,,,,,,,,
NSER,O,,,,,,,,,,,,,,,
NSER,HG,,,,,,,,,,,,,,,
NTHR,HN,H1,1H,HN1,HT1,H2,2H,HN2,HT2,H3,3H,HN3,HT3,H,,
NTHR,N,,,,,,,,,,,,,,,
NTHR,CA,,,,,,,,,,,,,,,
NTHR,HA,,,,,,,,,,,,,,,
NTHR,CB,,,,,,,,,,,,,,,
NTHR,C,,,,,,,,,,,,,,,
NTHR,HB,,,,,,,,,,,,,,,
NTHR,CG,CG2,,,,,,,,,,,,,,
NTHR,OG,OG1,,,,,,,,,,,,,,
NTHR,O,,,,,,,,,,,,,,,
NTHR,HG2,HG21,1HG2,HG22,2HG2,HG23,3HG2,,,,,,,,,
NTHR,HG1,HG1,HOG1,,,,,,,,,,,,,
NTRP,HN,H1,1H,HN1,HT1,H2,2H,HN2,HT2,H3,3H,HN3,HT3,H,,
NTRP,N,,,,,,,,,,,,,,,
NTRP,CA,,,,,,,,,,,,,,,
NTRP,HA,,,,,,,,,,,,,,,
NTRP,CB,,,,,,,,,,,,,,,
NTRP,C,,,,,,,,,,,,,,,
NTRP,HB,HB2,1HB,HB1,HB3,2HB,,,,,,,,,,
NTRP,CG,,,,,,,,,,,,,,,
NTRP,O,,,,,,,,,,,,,,,
NTRP,CD1,,,,,,,,,,,,,,,
NTRP,CD2,,,,,,,,,,,,,,,
NTRP,HD,HD1,,,,,,,,,,,,,,
NTRP,NE,NE1,,,,,,,,,,,,,,
NTRP,CE2,,,,,,,,,,,,,,,
NTRP,CE3,,,,,,,,,,,,,,,
NTRP,HE1,,,,,,,,,,,,,,,
NTRP,CZ2,,,,,,,,,,,,,,,
NTRP,CZ3,,,,,,,,,,,,,,,
NTRP,HE3,,,,,,,,,,,,,,,
NTRP,HZ2,,,,,,,,,,,,,,,
NTRP,CH2,,,,,,,,,,,,,,,
NTRP,HZ3,,,,,,,,,,,,,,,
NTRP,HH2,,,,,,,,,,,,,,,
NTYR,HN,H1,1H,HN1,HT1,H2,2H,HN2,HT2,H3,3H,HN3,HT3,H,,
NTYR,N,,,,,,,,,,,,,,,
NTYR,CA,,,,,,,,,,,,,,,
NTYR,HA,,,,,,,,,,,,,,,
NTYR,CB,,,,,,,,,,,,,,,
NTYR,C,,,,,,,,,,,,,,,
NTYR,HB,HB2,1HB,HB1,HB3,2HB,,,,,,,,,,
NTYR,CG,,,,,,,,,,,,,,,
NTYR,O,,,,,,,,,,,,,,,
NTYR,CD,CD1,CD2,,,,,,,,,,,,,
NTYR,HD,HD1,HD2,,,,,,,,,,,,,
NTYR,CE,CE1,CE2,,,,,,,,,,,,,
NTYR,HE,HE1,HE2,,,,,,,,,,,,,
NTYR,CZ,,,,,,,,,,,,,,,
NTYR,OH,,,,,,,,,,,,,,,
NTYR,HH,,,,,,,,,,,,,,,
NVAL,HN,H1,1H,HN1,HT1,H2,2H,HN2,HT2,H3,3H,HN3,HT3,H,,
NVAL,N,,,,,,,,,,,,,,,
NVAL,CA,,,,,,,,,,,,,,,
NVAL,HA,,,,,,,,,,,,,,,
NVAL,CB,,,,,,,,,,,,,,,
NVAL,C,,,,,,,,,,,,,,,
NVAL,HB,,,,,,,,,,,,,,,
NVAL,CG,CG1,CG2,,,,,,,,,,,,,
NVAL,O,,,,,,,,,,,,,,,
NVAL,HG,HG11,1HG1,HG21,HG12,2HG1,HG22,HG13,3HG1,HG23,HG21,1HG2,HG22,2HG2,HG23,3HG2
NASH,HN,H1,1H,HN1,HT1,H2,2H,HN2,HT2,H3,3H,HN3,HT3,H,,
NASH,N,,,,,,,,,,,,,,,
NASH,CA,,,,,,,,,,,,,,,
NASH,HA,,,,,,,,,,,,,,,
NASH,CB,,,,,,,,,,,,,,,
NASH,C,,,,,,,,,,,,,,,
NASH,HB,HB2,1HB,HB1,HB3,2HB,,,,,,,,,,
NASH,CG,,,,,,,,,,,,,,,
NASH,O,,,,,,,,,,,,,,,
NASH,OD1,,,,,,,,,,,,,,,
NASH,OD2,,,,,,,,,,,,,,,
NASH,HD,HD2,,,,,,,,,,,,,,
NCYD,HN,H1,1H,HN1,HT1,H2,2H,HN2,HT2,H3,3H,HN3,HT3,H,,
NCYD,N,,,,,,,,,,,,,,,
NCYD,CA,,,,,,,,,,,,,,,
NCYD,HA,,,,,,,,,,,,,,,
NCYD,CB,,,,,,,,,,,,,,,
NCYD,C,,,,,,,,,,,,,,,
NCYD,HB,HB2,1HB,HB1,HB3,2HB,,,,,,,,,,
NCYD,SG,,,,,,,,,,,,,,,
NCYD,O,,,,,,,,,,,,,,,
NCYX,HN,H1,1H,HN1,HT1,H2,2H,HN2,HT2,H3,3H,HN3,HT3,H,,
NCYX,N,,,,,,,,,,,,,,,
NCYX,CA,,,,,,,,,,,,,,,
NCYX,HA,,,,,,,,,,,,,,,
NCYX,CB,,,,,,,,,,,,,,,
NCYX,C,,,,,,,,,,,,,,,
NCYX,HB,HB2,1HB,HB1,HB3,2HB,,,,,,,,,,
NCYX,SG,,,,,,,,,,,,,,,
NCYX,O,,,,,,,,,,,,,,,
NGLH,HN,H1,1H,HN1,HT1,H2,2H,HN2,HT2,H3,3H,HN3,HT3,H,,
NGLH,N,,,,,,,,,,,,,,,
NGLH,CA,,,,,,,,,,,,,,,
NGLH,HA,,,,,,,,,,,,,,,
NGLH,CB,,,,,,,,,,,,,,,
NGLH,C,,,,,,,,,,,,,,,
NGLH,HB,HB2,1HB,HB1,HB3,2HB,,,,,,,,,,
NGLH,CG,,,,,,,,,,,,,,,
NGLH,O,,,,,,,,,,,,,,,
NGLH,HG,HG2,1HG,HG1,HG3,2HG,,,,,,,,,,
NGLH,CD,,,,,,,,,,,,,,,
NGLH,OE1,,,,,,,,,,,,,,,
NGLH,OE2,,,,,,,,,,,,,,,
NGLH,HE,HE2,,,,,,,,,,,,,,
NLYD,HN,H1,1H,HN1,HT1,H2,2H,HN2,HT2,H3,3H,HN3,HT3,H,,
NLYD,N,,,,,,,,,,,,,,,
NLYD,CA,,,,,,,,,,,,,,,
NLYD,HA,,,,,,,,,,,,,,,
NLYD,CB,,,,,,,,,,,,,,,
NLYD,C,,,,,,,,,,,,,,,
NLYD,HB,HB2,1HB,HB1,HB3,2HB,,,,,,,,,,
NLYD,CG,,,,,,,,,,,,,,,
NLYD,O,,,,,,,,,,,,,,,
NLYD,HG,HG2,1HG,HG1,HG3,2HG,,,,,,,,,,
NLYD,CD,,,,,,,,,,,,,,,
NLYD,HD,HD2,1HD,HD1,HD3,2HD,,,,,,,,,,
NLYD,CE,,,,,,,,,,,,,,,
NLYD,HE,HE2,1HE,HE1,HE3,2HE,,,,,,,,,,
NLYD,NZ,,,,,,,,,,,,,,,
NLYD,HZ,HZ1,1HZ,HNZ1,HZ2,2HZ,HNZ2,HZ3,3HZ,HNZ3,,,,,,
nALA,HN,H1,1H,HN1,HT1,H2,2H,HN2,HT2,H3,3H,HN3,HT3,H,,
nALA,N,,,,,,,,,,,,,,,
nALA,CA,,,,,,,,,,,,,,,
nALA,HA,,,,,,,,,,,,,,,
nALA,CB,,,,,,,,,,,,,,,
nALA,C,,,,,,,,,,,,,,,
nALA,HB,HB1,1HB,HB2,2HB,HB3,3HB,,,,,,,,,
nALA,O,,,,,,,,,,,,,,,
nARG,HN,H1,1H,HN1,HT1,H2,2H,HN2,HT2,H3,3H,HN3,HT3,H,,
nARG,N,,,,,,,,,,,,,,,
nARG,CA,,,,,,,,,,,,,,,
nARG,HA,,,,,,,,,,,,,,,
nARG,CB,,,,,,,,,,,,,,,
nARG,C,,,,,,,,,,,,,,,
nARG,HB,HB2,1HB,HB1,HB3,2HB,,,,,,,,,,
nARG,CG,CG,,,,,,,,,,,,,,
nARG,O,O,,,,,,,,,,,,,,
nARG,HG,HG2,1HG,HG1,HG3,2HG,,,,,,,,,,
nARG,CD,,,,,,,,,,,,,,,
nARG,HD,HD2,1HD,HD1,HD3,2HD,,,,,,,,,,
nARG,NE,,,,,,,,,,,,,,,
nARG,HE,HE,,,,,,,,,,,,,,
nARG,CZ,,,,,,,,,,,,,,,
nARG,NH,NH1,NH2,,,,,,,,,,,,,
nARG,HH,HH11,1HH1,HH12,2HH1,HH21,1HH2,HH22,2HH2,,,,,,,
nASN,HN,H1,1H,HN1,HT1,H2,2H,HN2,HT2,H3,3H,HN3,HT3,H,,
nASN,N,,,,,,,,,,,,,,,
nASN,CA,,,,,,,,,,,,,,,
nASN,HA,,,,,,,,,,,,,,,
nASN,CB,,,,,,,,,,,,,,,
nASN,C,,,,,,,,,,,,,,,
nASN,HB,HB2,1HB,HB1,HB3,2HB,,,,,,,,,,
nASN,CG,,,,,,,,,,,,,,,
nASN,O,,,,,,,,,,,,,,,
nASN,OD,OD1,,,,,,,,,,,,,,
nASN,ND,ND2,,,,,,,,,,,,,,
nASN,HD,HD21,1HD2,HN21,HD22,2HD2,HN22,,,,,,,,,
nASP,HN,H1,1H,HN1,HT1,H2,2H,HN2,HT2,H3,3H,HN3,HT3,H,,
nASP,N,,,,,,,,,,,,,,,
nASP,CA,,,,,,,,,,,,,,,
nASP,HA,,,,,,,,,,,,,,,
nASP,CB,,,,,,,,,,,,,,,
nASP,C,,,,,,,,,,,,,,,
nASP,HB,HB2,1HB,HB1,HB3,2HB,,,,,,,,,,
nASP,CG,,,,,,,,,,,,,,,
nASP,O,,,,,,,,,,,,,,,
nASP,OD,OD1,OD2,,,,,,,,,,,,,
nCYS,HN,H1,1H,HN1,HT1,H2,2H,HN2,HT2,H3,3H,HN3,HT3,H,,
nCYS,N,,,,,,,,,,,,,,,
nCYS,CA,,,,,,,,,,,,,,,
nCYS,HA,,,,,,,,,,,,,,,
nCYS,CB,,,,,,,,,,,,,,,
nCYS,C,,,,,,,,,,,,,,,
nCYS,HB,HB2,1HB,HB1,HB3,2HB,,,,,,,,,,
nCYS,SG,,,,,,,,,,,,,,,
nCYS,O,,,,,,,,,,,,,,,
nCYS,HG,,,,,,,,,,,,,,,
nGLN,HN,H1,1H,HN1,HT1,H2,2H,HN2,HT2,H3,3H,HN3,HT3,H,,
nGLN,N,,,,,,,,,,,,,,,
nGLN,CA,,,,,,,,,,,,,,,
nGLN,HA,,,,,,,,,,,,,,,
nGLN,CB,,,,,,,,,,,,,,,
nGLN,C,,,,,,,,,,,,,,,
nGLN,HB,HB2,1HB,HB1,HB3,2HB,,,,,,,,,,
nGLN,CG,,,,,,,,,,,,,,,
nGLN,O,,,,,,,,,,,,,,,
nGLN,HG,HG2,1HG,HG1,HG3,2HG,,,,,,,,,,
nGLN,CD,,,,,,,,,,,,,,,
nGLN,OE,OE1,,,,,,,,,,,,,,
nGLN,NE,NE2,,,,,,,,,,,,,,
nGLN,HE,HE21,1HE2,HE22,2HE2,,,,,,,,,,,
nGLU,HN,H1,1H,HN1,HT1,H2,2H,HN2,HT2,H3,3H,HN3,HT3,H,,
nGLU,N,,,,,,,,,,,,,,,
nGLU,CA,,,,,,,,,,,,,,,
nGLU,HA,,,,,,,,,,,,,,,
nGLU,CB,,,,,,,,,,,,,,,
nGLU,C,,,,,,,,,,,,,,,
nGLU,HB,HB2,1HB,HB1,HB3,2HB,,,,,,,,,,
nGLU,CG,,,,,,,,,,,,,,,
nGLU,O,,,,,,,,,,,,,,,
nGLU,HG,HG2,1HG,HG1,HG3,2HG,,,,,,,,,,
nGLU,CD,,,,,,,,,,,,,,,
nGLU,OE,OE1,OE2,,,,,,,,,,,,,
nGLY,HN,H1,1H,HN1,HT1,H2,2H,HN2,HT2,H3,3H,HN3,HT3,H,,
nGLY,N,,,,,,,,,,,,,,,
nGLY,CA,,,,,,,,,,,,,,,
nGLY,C,,,,,,,,,,,,,,,
nGLY,HA,HA2,1HA,HA1,HA3,2HA,,,,,,,,,,
nGLY,O,,,,,,,,,,,,,,,
nHID,HN,H1,1H,HN1,HT1,H2,2H,HN2,HT2,H3,3H,HN3,HT3,H,,
nHID,N,,,,,,,,,,,,,,,
nHID,CA,,,,,,,,,,,,,,,
nHID,HA,,,,,,,,,,,,,,,
nHID,CB,,,,,,,,,,,,,,,
nHID,C,,,,,,,,,,,,,,,
nHID,HB,HB2,1HB,HB1,HB3,2HB,,,,,,,,,,
nHID,CG,,,,,,,,,,,,,,,
nHID,O,,,,,,,,,,,,,,,
nHID,ND,ND1,,,,,,,,,,,,,,
nHID,CD,,,,,,,,,,,,,,,
nHID,HD1,,,,,,,,,,,,,,,
nHID,CE,,,,,,,,,,,,,,,
nHID,NE,NE2,,,,,,,,,,,,,,
nHID,HD2,,,,,,,,,,,,,,,
nHID,HE,,,,,,,,,,,,,,,
nHIE,HN,H1,1H,HN1,HT1,H2,2H,HN2,HT2,H3,3H,HN3,HT3,H,,
nHIE,N,,,,,,,,,,,,,,,
nHIE,CA,,,,,,,,,,,,,,,
nHIE,HA,,,,,,,,,,,,,,,
nHIE,CB,,,,,,,,,,,,,,,
nHIE,C,,,,,,,,,,,,,,,
nHIE,HB,HB2,1HB,HB1,HB3,2HB,,,,,,,,,,
nHIE,CG,,,,,,,,,,,,,,,
nHIE,O,,,,,,,,,,,,,,,
nHIE,ND,ND1,,,,,,,,,,,,,,
nHIE,CD,,,,,,,,,,,,,,,
nHIE,CE,,,,,,,,,,,,,,,
nHIE,NE,NE2,,,,,,,,,,,,,,
nHIE,HD,,,,,,,,,,,,,,,
nHIE,HE1,,,,,,,,,,,,,,,
nHIE,HE2,HNE2,,,,,,,,,,,,,,
nHIS,HN,H1,1H,HN1,HT1,H2,2H,HN2,HT2,H3,3H,HN3,HT3,H,,
nHIS,N,,,,,,,,,,,,,,,
nHIS,CA,,,,,,,,,,,,,,,
nHIS,HA,,,,,,,,,,,,,,,
nHIS,CB,,,,,,,,,,,,,,,
nHIS,C,,,,,,,,,,,,,,,
nHIS,HB,HB2,1HB,HB1,HB3,2HB,,,,,,,,,,
nHIS,CG,,,,,,,,,,,,,,,
nHIS,O,,,,,,,,,,,,,,,
nHIS,ND,ND1,,,,,,,,,,,,,,
nHIS,CD,,,,,,,,,,,,,,,
nHIS,HD1,,,,,,,,,,,,,,,
nHIS,CE,,,,,,,,,,,,,,,
nHIS,NE,NE2,,,,,,,,,,,,,,
nHIS,HD2,,,,,,,,,,,,,,,
nHIS,HE1,,,,,,,,,,,,,,,
nHIS,HE2,HNE2,,,,,,,,,,,,,,
nILE,HN,H1,1H,HN1,HT1,H2,2H,HN2,HT2,H3,3H,HN3,HT3,H,,
nILE,N,,,,,,,,,,,,,,,
nILE,CA,,,,,,,,,,,,,,,
nILE,HA,,,,,,,,,,,,,,,
nILE,CB,,,,,,,,,,,,,,,
nILE,C,,,,,,,,,,,,,,,
nILE,HB,,,,,,,,,,,,,,,
nILE,CG2,,,,,,,,,,,,,,,
nILE,CG1,,,,,,,,,,,,,,,
nILE,O,,,,,,,,,,,,,,,
nILE,HG2,HG21,1HG2,HG21,HG22,2HG2,HG23,3HG2,,,,,,,,
nILE,HG1,HG12,1HG1,HG11,HG13,2HG1,,,,,,,,,,
nILE,CD,CD1,CD2,,,,,,,,,,,,,
nILE,HD,HD11,1HD1,HD12,2HD1,HD13,3HD1,,,,,,,,,
nLEU,HN,H1,1H,HN1,HT1,H2,2H,HN2,HT2,H3,3H,HN3,HT3,H,,
nLEU,N,,,,,,,,,,,,,,,
nLEU,CA,,,,,,,,,,,,,,,
nLEU,HA,,,,,,,,,,,,,,,
nLEU,CB,,,,,,,,,,,,,,,
nLEU,C,,,,,,,,,,,,,,,
nLEU,HB,HB2,1HB,HB1,HB3,2HB,,,,,,,,,,
nLEU,CG,,,,,,,,,,,,,,,
nLEU,O,,,,,,,,,,,,,,,
nLEU,HG,,,,,,,,,,,,,,,
nLEU,CD,,,,,,,,,,,,,,,
nLEU,HD,HD11,1HD1,HD12,2HD1,HD13,3HD1,HD21,1HD2,HD22,2HD2,HD23,3HD2,,,
nLYS,HN,H1,1H,HN1,HT1,H2,2H,HN2,HT2,H3,3H,HN3,HT3,H,,
nLYS,N,,,,,,,,,,,,,,,
nLYS,CA,,,,,,,,,,,,,,,
nLYS,HA,,,,,,,,,,,,,,,
nLYS,CB,,,,,,,,,,,,,,,
nLYS,C,,,,,,,,,,,,,,,
nLYS,HB,HB2,1HB,HB1,HB3,2HB,,,,,,,,,,
nLYS,CG,,,,,,,,,,,,,,,
nLYS,O,,,,,,,,,,,,,,,
nLYS,HG,HG2,1HG,HG1,HG3,2HG,,,,,,,,,,
nLYS,CD,,,,,,,,,,,,,,,
nLYS,HD,HD2,1HD,HD1,HD3,2HD,,,,,,,,,,
nLYS,CE,,,,,,,,,,,,,,,
nLYS,HE,HE2,1HE,HE1,HE3,2HE,,,,,,,,,,
nLYS,NZ,,,,,,,,,,,,,,,
nLYS,HZ,HZ1,1HZ,HNZ1,HZ2,2HZ,HNZ2,HZ3,3HZ,HNZ3,,,,,,
nMET,HN,H1,1H,HN1,HT1,H2,2H,HN2,HT2,H3,3H,HN3,HT3,H,,
nMET,N,,,,,,,,,,,,,,,
nMET,CA,,,,,,,,,,,,,,,
nMET,HA,,,,,,,,,,,,,,,
nMET,CB,,,,,,,,,,,,,,,
nMET,C,,,,,,,,,,,,,,,
nMET,HB,HB2,1HB,HB1,HB3,2HB,,,,,,,,,,
nMET,CG,,,,,,,,,,,,,,,
nMET,O,,,,,,,,,,,,,,,
nMET,HG,HG2,1HG,HG1,HG3,2HG,,,,,,,,,,
nMET,SD,,,,,,,,,,,,,,,
nMET,CE,,,,,,,,,,,,,,,
nMET,HE,HE1,1HE,HE1,HE2,2HE,HE2,HE3,3HE,HE3,,,,,,
nPHE,HN,H1,1H,HN1,HT1,H2,2H,HN2,HT2,H3,3H,HN3,HT3,H,,
nPHE,N,,,,,,,,,,,,,,,
nPHE,CA,,,,,,,,,,,,,,,
nPHE,HA,,,,,,,,,,,,,,,
nPHE,CB,,,,,,,,,,,,,,,
nPHE,C,,,,,,,,,,,,,,,
nPHE,HB,HB2,1HB,HB1,HB3,2HB,,,,,,,,,,
nPHE,CG,,,,,,,,,,,,,,,
nPHE,O,,,,,,,,,,,,,,,
nPHE,CD,CD1,CD2,,,,,,,,,,,,,
nPHE,HD,HD1,HD2,,,,,,,,,,,,,
nPHE,CE,CE1,CE2,,,,,,,,,,,,,
nPHE,HE,HE1,HE2,,,,,,,,,,,,,
nPHE,CZ,,,,,,,,,,,,,,,
nPHE,HZ,,,,,,,,,,,,,,,
nPRO,HN,H1,1H,HN1,HT1,H2,2H,HN2,HT2,,,,,,,
nPRO,N,,,,,,,,,,,,,,,
nPRO,CD,,,,,,,,,,,,,,,
nPRO,CA,,,,,,,,,,,,,,,
nPRO,HD,HD2,1HD,HD2,HD3,2HD,,,,,,,,,,
nPRO,CG,,,,,,,,,,,,,,,
nPRO,CB,,,,,,,,,,,,,,,
nPRO,HA,,,,,,,,,,,,,,,
nPRO,C,,,,,,,,,,,,,,,
nPRO,HG,HG2,1HG,HG1,HG3,2HG,,,,,,,,,,
nPRO,HB,HB2,1HB,HB1,HB3,2HB,,,,,,,,,,
nPRO,O,,,,,,,,,,,,,,,
nSER,HN,H1,1H,HN1,HT1,H2,2H,HN2,HT2,H3,3H,HN3,HT3,H,,
nSER,N,,,,,,,,,,,,,,,
nSER,CA,,,,,,,,,,,,,,,
nSER,HA,,,,,,,,,,,,,,,
nSER,CB,,,,,,,,,,,,,,,
nSER,C,,,,,,,,,,,,,,,
nSER,HB,HB2,1HB,HB1,HB3,2HB,,,,,,,,,,
nSER,OG,,,,,,,,,,,,,,,
nSER,O,,,,,,,,,,,,,,,
nSER,HG,,,,,,,,,,,,,,,
nTHR,HN,H1,1H,HN1,HT1,H2,2H,HN2,HT2,H3,3H,HN3,HT3,H,,
nTHR,N,,,,,,,,,,,,,,,
nTHR,CA,,,,,,,,,,,,,,,
nTHR,HA,,,,,,,,,,,,,,,
nTHR,CB,,,,,,,,,,,,,,,
nTHR,C,,,,,,,,,,,,,,,
nTHR,HB,,,,,,,,,,,,,,,
nTHR,CG,CG2,,,,,,,,,,,,,,
nTHR,OG,OG1,,,,,,,,,,,,,,
nTHR,O,,,,,,,,,,,,,,,
nTHR,HG2,HG21,1HG2,HG22,2HG2,HG23,3HG2,,,,,,,,,
nTHR,HG1,HG1,HOG1,,,,,,,,,,,,,
nTRP,HN,H1,1H,HN1,HT1,H2,2H,HN2,HT2,H3,3H,HN3,HT3,H,,
nTRP,N,,,,,,,,,,,,,,,
nTRP,CA,,,,,,,,,,,,,,,
nTRP,HA,,,,,,,,,,,,,,,
nTRP,CB,,,,,,,,,,,,,,,
nTRP,C,,,,,,,,,,,,,,,
nTRP,HB,HB2,1HB,HB1,HB3,2HB,,,,,,,,,,
nTRP,CG,,,,,,,,,,,,,,,
nTRP,O,,,,,,,,,,,,,,,
nTRP,CD1,,,,,,,,,,,,,,,
nTRP,CD2,,,,,,,,,,,,,,,
nTRP,HD,HD1,,,,,,,,,,,,,,
nTRP,NE,NE1,,,,,,,,,,,,,,
nTRP,CE2,,,,,,,,,,,,,,,
nTRP,CE3,,,,,,,,,,,,,,,
nTRP,HE1,,,,,,,,,,,,,,,
nTRP,CZ2,,,,,,,,,,,,,,,
nTRP,CZ3,,,,,,,,,,,,,,,
nTRP,HE3,,,,,,,,,,,,,,,
nTRP,HZ2,,,,,,,,,,,,,,,
nTRP,CH2,,,,,,,,,,,,,,,
nTRP,HZ3,,,,,,,,,,,,,,,
nTRP,HH2,,,,,,,,,,,,,,,
nTYR,HN,H1,1H,HN1,HT1,H2,2H,HN2,HT2,H3,3H,HN3,HT3,H,,
nTYR,N,,,,,,,,,,,,,,,
nTYR,CA,,,,,,,,,,,,,,,
nTYR,HA,,,,,,,,,,,,,,,
nTYR,CB,,,,,,,,,,,,,,,
nTYR,C,,,,,,,,,,,,,,,
nTYR,HB,HB2,1HB,HB1,HB3,2HB,,,,,,,,,,
nTYR,CG,,,,,,,,,,,,,,,
nTYR,O,,,,,,,,,,,,,,,
nTYR,CD,CD1,CD2,,,,,,,,,,,,,
nTYR,HD,HD1,HD2,,,,,,,,,,,,,
nTYR,CE,CE1,CE2,,,,,,,,,,,,,
nTYR,HE,HE1,HE2,,,,,,,,,,,,,
nTYR,CZ,,,,,,,,,,,,,,,
nTYR,OH,,,,,,,,,,,,,,,
nTYR,HH,,,,,,,,,,,,,,,
nVAL,HN,H1,1H,HN1,HT1,H2,2H,HN2,HT2,H3,3H,HN3,HT3,H,,
nVAL,N,,,,,,,,,,,,,,,
nVAL,CA,,,,,,,,,,,,,,,
nVAL,HA,,,,,,,,,,,,,,,
nVAL,CB,,,,,,,,,,,,,,,
nVAL,C,,,,,,,,,,,,,,,
nVAL,HB,,,,,,,,,,,,,,,
nVAL,CG,CG1,CG2,,,,,,,,,,,,,
nVAL,O,,,,,,,,,,,,,,,
nVAL,HG,HG11,1HG1,HG21,HG12,2HG1,HG22,HG13,3HG1,HG23,HG21,1HG2,HG22,2HG2,HG23,3HG2
nASH,HN,H1,1H,HN1,HT1,H2,2H,HN2,HT2,H3,3H,HN3,HT3,H,,
nASH,N,,,,,,,,,,,,,,,
nASH,CA,,,,,,,,,,,,,,,
nASH,HA,,,,,,,,,,,,,,,
nASH,CB,,,,,,,,,,,,,,,
nASH,C,,,,,,,,,,,,,,,
nASH,HB,HB2,1HB,HB1,HB3,2HB,,,,,,,,,,
nASH,CG,,,,,,,,,,,,,,,
nASH,O,,,,,,,,,,,,,,,
nASH,OD1,,,,,,,,,,,,,,,
nASH,OD2,,,,,,,,,,,,,,,
nASH,HD,HD2,,,,,,,,,,,,,,
nCYD,HN,H1,1H,HN1,HT1,H2,2H,HN2,HT2,H3,3H,HN3,HT3,H,,
nCYD,N,,,,,,,,,,,,,,,
nCYD,CA,,,,,,,,,,,,,,,
nCYD,HA,,,,,,,,,,,,,,,
nCYD,CB,,,,,,,,,,,,,,,
nCYD,C,,,,,,,,,,,,,,,
nCYD,HB,HB2,1HB,HB1,HB3,2HB,,,,,,,,,,
nCYD,SG,,,,,,,,,,,,,,,
nCYD,O,,,,,,,,,,,,,,,
nCYX,HN,H1,1H,HN1,HT1,H2,2H,HN2,HT2,H3,3H,HN3,HT3,H,,
nCYX,N,,,,,,,,,,,,,,,
nCYX,CA,,,,,,,,,,,,,,,
nCYX,HA,,,,,,,,,,,,,,,
nCYX,CB,,,,,,,,,,,,,,,
nCYX,C,,,,,,,,,,,,,,,
nCYX,HB,HB2,1HB,HB1,HB3,2HB,,,,,,,,,,
nCYX,SG,,,,,,,,,,,,,,,
nCYX,O,,,,,,,,,,,,,,,
nGLH,HN,H1,1H,HN1,HT1,H2,2H,HN2,HT2,H3,3H,HN3,HT3,H,,
nGLH,N,,,,,,,,,,,,,,,
nGLH,CA,,,,,,,,,,,,,,,
nGLH,HA,,,,,,,,,,,,,,,
nGLH,CB,,,,,,,,,,,,,,,
nGLH,C,,,,,,,,,,,,,,,
nGLH,HB,HB2,1HB,HB1,HB3,2HB,,,,,,,,,,
nGLH,CG,,,,,,,,,,,,,,,
nGLH,O,,,,,,,,,,,,,,,
nGLH,HG,HG2,1HG,HG1,HG3,2HG,,,,,,,,,,
nGLH,CD,,,,,,,,,,,,,,,
nGLH,OE1,,,,,,,,,,,,,,,
nGLH,OE2,,,,,,,,,,,,,,,
nGLH,HE,HE2,,,,,,,,,,,,,,
nLYD,HN,H1,1H,HN1,HT1,H2,2H,HN2,HT2,H3,3H,HN3,HT3,H,,
nLYD,N,,,,,,,,,,,,,,,
nLYD,CA,,,,,,,,,,,,,,,
nLYD,HA,,,,,,,,,,,,,,,
nLYD,CB,,,,,,,,,,,,,,,
nLYD,C,,,,,,,,,,,,,,,
nLYD,HB,HB2,1HB,HB1,HB3,2HB,,,,,,,,,,
nLYD,CG,,,,,,,,,,,,,,,
nLYD,O,,,,,,,,,,,,,,,
nLYD,HG,HG2,1HG,HG1,HG3,2HG,,,,,,,,,,
nLYD,CD,,,,,,,,,,,,,,,
nLYD,HD,HD2,1HD,HD1,HD3,2HD,,,,,,,,,,
nLYD,CE,,,,,,,,,,,,,,,
nLYD,HE,HE2,1HE,HE1,HE3,2HE,,,,,,,,,,
nLYD,NZ,,,,,,,,,,,,,,,
nLYD,HZ,HZ1,1HZ,HNZ1,HZ2,2HZ,HNZ2,HZ3,3HZ,HNZ3,,,,,,
cALA,N,,,,,,,,,,,,,,,
cALA,HN,H,,,,,,,,,,,,,,
cALA,CA,,,,,,,,,,,,,,,
cALA,HA,,,,,,,,,,,,,,,
cALA,CB,,,,,,,,,,,,,,,
cALA,C,,,,,,,,,,,,,,,
cALA,HB,HB1,1HB,HB2,2HB,HB3,3HB,,,,,,,,,
cALA,O1,O,OT1,,,,,,,,,,,,,
cALA,O2,O'',OXT,OT2,,,,,,,,,,,,
cALA,HO,H'',,,,,,,,,,,,,,
cARG,N,,,,,,,,,,,,,,,
cARG,HN,H,,,,,,,,,,,,,,
cARG,CA,,,,,,,,,,,,,,,
cARG,HA,,,,,,,,,,,,,,,
cARG,CB,,,,,,,,,,,,,,,
cARG,C,,,,,,,,,,,,,,,
cARG,HB,HB2,1HB,HB1,HB3,2HB,,,,,,,,,,
cARG,CG,CG,,,,,,,,,,,,,,
cARG,O1,O,OT1,,,,,,,,,,,,,
cARG,HG,HG2,1HG,HG1,HG3,2HG,,,,,,,,,,
cARG,CD,,,,,,,,,,,,,,,
cARG,HD,HD2,1HD,HD1,HD3,2HD,,,,,,,,,,
cARG,NE,,,,,,,,,,,,,,,
cARG,HE,HE,,,,,,,,,,,,,,
cARG,CZ,,,,,,,,,,,,,,,
cARG,NH,NH1,NH2,,,,,,,,,,,,,
cARG,HH,HH11,1HH1,HH12,2HH1,HH21,1HH2,HH22,2HH2,,,,,,,
cARG,O2,O'',OXT,OT2,,,,,,,,,,,,
cARG,HO,H'',,,,,,,,,,,,,,
cASN,N,,,,,,,,,,,,,,,
cASN,HN,H,,,,,,,,,,,,,,
cASN,CA,,,,,,,,,,,,,,,
cASN,HA,,,,,,,,,,,,,,,
cASN,CB,,,,,,,,,,,,,,,
cASN,C,,,,,,,,,,,,,,,
cASN,HB,HB2,1HB,HB1,HB3,2HB,,,,,,,,,,
cASN,CG,,,,,,,,,,,,,,,
cASN,O1,,,,,,,,,,,,,,,
cASN,OD,OD1,,,,,,,,,,,,,,
cASN,ND,ND2,,,,,,,,,,,,,,
cASN,HD,HD21,1HD2,HN21,HD22,2HD2,HN22,,,,,,,,,
cASN,O2,,,,,,,,,,,,,,,
cASN,HO,,,,,,,,,,,,,,,
cASP,N,,,,,,,,,,,,,,,
cASP,HN,H,,,,,,,,,,,,,,
cASP,CA,,,,,,,,,,,,,,,
cASP,HA,,,,,,,,,,,,,,,
cASP,CB,,,,,,,,,,,,,,,
cASP,C,,,,,,,,,,,,,,,
cASP,HB,HB2,1HB,HB1,HB3,2HB,,,,,,,,,,
cASP,CG,,,,,,,,,,,,,,,
cASP,O1,O,OT1,,,,,,,,,,,,,
cASP,OD,OD1,OD2,,,,,,,,,,,,,
cASP,O2,O'',OXT,OT2,,,,,,,,,,,,
cASP,HO,H'',,,,,,,,,,,,,,
cCYS,N,,,,,,,,,,,,,,,
cCYS,HN,H,,,,,,,,,,,,,,
cCYS,CA,,,,,,,,,,,,,,,
cCYS,HA,,,,,,,,,,,,,,,
cCYS,CB,,,,,,,,,,,,,,,
cCYS,C,,,,,,,,,,,,,,,
cCYS,HB,HB2,1HB,HB1,HB3,2HB,,,,,,,,,,
cCYS,SG,,,,,,,,,,,,,,,
cCYS,O1,O,OT1,,,,,,,,,,,,,
cCYS,HG,,,,,,,,,,,,,,,
cCYS,O2,O'',OXT,OT2,,,,,,,,,,,,
cCYS,HO,H'',,,,,,,,,,,,,,
cGLN,N,,,,,,,,,,,,,,,
cGLN,HN,H,,,,,,,,,,,,,,
cGLN,CA,,,,,,,,,,,,,,,
cGLN,HA,,,,,,,,,,,,,,,
cGLN,CB,,,,,,,,,,,,,,,
cGLN,C,,,,,,,,,,,,,,,
cGLN,HB,HB2,1HB,HB1,HB3,2HB,,,,,,,,,,
cGLN,CG,,,,,,,,,,,,,,,
cGLN,O1,O,OT1,,,,,,,,,,,,,
cGLN,HG,HG2,1HG,HG1,HG3,2HG,,,,,,,,,,
cGLN,CD,,,,,,,,,,,,,,,
cGLN,OE,OE1,,,,,,,,,,,,,,
cGLN,NE,NE2,,,,,,,,,,,,,,
cGLN,HE,HE21,1HE2,HE22,2HE2,,,,,,,,,,,
cGLN,O2,O'',OXT,OT2,,,,,,,,,,,,
cGLN,HO,H'',,,,,,,,,,,,,,
cGLU,N,,,,,,,,,,,,,,,
cGLU,HN,H,,,,,,,,,,,,,,
cGLU,CA,,,,,,,,,,,,,,,
cGLU,HA,,,,,,,,,,,,,,,
cGLU,CB,,,,,,,,,,,,,,,
cGLU,C,,,,,,,,,,,,,,,
cGLU,HB,HB2,1HB,HB1,HB3,2HB,,,,,,,,,,
cGLU,CG,,,,,,,,,,,,,,,
cGLU,O1,O,OT1,,,,,,,,,,,,,
cGLU,HG,HG2,1HG,HG1,HG3,2HG,,,,,,,,,,
cGLU,CD,,,,,,,,,,,,,,,
cGLU,OE,OE1,OE2,,,,,,,,,,,,,
cGLU,O2,O'',OXT,OT2,,,,,,,,,,,,
cGLU,HO,H'',,,,,,,,,,,,,,
cGLY,N,,,,,,,,,,,,,,,
cGLY,HN,H,,,,,,,,,,,,,,
cGLY,CA,,,,,,,,,,,,,,,
cGLY,C,,,,,,,,,,,,,,,
cGLY,HA,HA2,1HA,HA1,HA3,2HA,,,,,,,,,,
cGLY,O1,O,OT1,,,,,,,,,,,,,
cGLY,O2,O'',OXT,OT2,,,,,,,,,,,,
cGLY,HO,H'',,,,,,,,,,,,,,
cHID,N,,,,,,,,,,,,,,,
cHID,HN,H,,,,,,,,,,,,,,
cHID,CA,,,,,,,,,,,,,,,
cHID,HA,,,,,,,,,,,,,,,
cHID,CB,,,,,,,,,,,,,,,
cHID,C,,,,,,,,,,,,,,,
cHID,HB,HB2,1HB,HB1,HB3,2HB,,,,,,,,,,
cHID,CG,,,,,,,,,,,,,,,
cHID,O1,OT1,,,,,,,,,,,,,,
cHID,ND,ND1,,,,,,,,,,,,,,
cHID,CD,,,,,,,,,,,,,,,
cHID,HD1,,,,,,,,,,,,,,,
cHID,CE,,,,,,,,,,,,,,,
cHID,NE,NE2,,,,,,,,,,,,,,
cHID,HD2,,,,,,,,,,,,,,,
cHID,HE,,,,,,,,,,,,,,,
cHID,O2,O'',OXT,OT2,,,,,,,,,,,,
cHID,HO,H'',,,,,,,,,,,,,,
cHIE,N,,,,,,,,,,,,,,,
cHIE,HN,H,,,,,,,,,,,,,,
cHIE,CA,,,,,,,,,,,,,,,
cHIE,HA,,,,,,,,,,,,,,,
cHIE,CB,,,,,,,,,,,,,,,
cHIE,C,,,,,,,,,,,,,,,
cHIE,HB,HB2,1HB,HB1,HB3,2HB,,,,,,,,,,
cHIE,CG,,,,,,,,,,,,,,,
cHIE,O1,OT1,,,,,,,,,,,,,,
cHIE,ND,ND1,,,,,,,,,,,,,,
cHIE,CD,,,,,,,,,,,,,,,
cHIE,CE,,,,,,,,,,,,,,,
cHIE,NE,NE2,,,,,,,,,,,,,,
cHIE,HD,,,,,,,,,,,,,,,
cHIE,HE1,,,,,,,,,,,,,,,
cHIE,HE2,HNE2,,,,,,,,,,,,,,
cHIE,O2,O'',OXT,OT2,,,,,,,,,,,,
cHIE,HO,H'',,,,,,,,,,,,,,
cHIS,N,,,,,,,,,,,,,,,
cHIS,HN,H,,,,,,,,,,,,,,
cHIS,CA,,,,,,,,,,,,,,,
cHIS,HA,,,,,,,,,,,,,,,
cHIS,CB,,,,,,,,,,,,,,,
cHIS,C,,,,,,,,,,,,,,,
cHIS,HB,HB2,1HB,HB1,HB3,2HB,,,,,,,,,,
cHIS,CG,,,,,,,,,,,,,,,
cHIS,O1,OT1,,,,,,,,,,,,,,
cHIS,ND,ND1,,,,,,,,,,,,,,
cHIS,CD,,,,,,,,,,,,,,,
cHIS,HD1,,,,,,,,,,,,,,,
cHIS,CE,,,,,,,,,,,,,,,
cHIS,NE,NE2,,,,,,,,,,,,,,
cHIS,HD2,,,,,,,,,,,,,,,
cHIS,HE1,,,,,,,,,,,,,,,
cHIS,HE2,HNE2,,,,,,,,,,,,,,
cHIS,O2,O'',OXT,OT2,,,,,,,,,,,,
cHIS,HO,H'',,,,,,,,,,,,,,
cILE,N,,,,,,,,,,,,,,,
cILE,HN,H,,,,,,,,,,,,,,
cILE,CA,,,,,,,,,,,,,,,
cILE,HA,,,,,,,,,,,,,,,
cILE,CB,,,,,,,,,,,,,,,
cILE,C,,,,,,,,,,,,,,,
cILE,HB,,,,,,,,,,,,,,,
cILE,CG2,,,,,,,,,,,,,,,
cILE,CG1,,,,,,,,,,,,,,,
cILE,O1,OT1,,,,,,,,,,,,,,
cILE,HG2,HG21,1HG2,HG21,HG22,2HG2,HG23,3HG2,,,,,,,,
cILE,HG1,HG12,1HG1,HG11,HG13,2HG1,,,,,,,,,,
cILE,CD,CD1,CD2,,,,,,,,,,,,,
cILE,HD,HD11,1HD1,HD12,2HD1,HD13,3HD1,,,,,,,,,
cILE,O2,O'',OXT,OT2,,,,,,,,,,,,
cILE,HO,H'',,,,,,,,,,,,,,
cLEU,N,,,,,,,,,,,,,,,
cLEU,HN,H,,,,,,,,,,,,,,
cLEU,CA,,,,,,,,,,,,,,,
cLEU,HA,,,,,,,,,,,,,,,
cLEU,CB,,,,,,,,,,,,,,,
cLEU,C,,,,,,,,,,,,,,,
cLEU,HB,HB2,1HB,HB1,HB3,2HB,,,,,,,,,,
cLEU,CG,,,,,,,,,,,,,,,
cLEU,O1,O,OT1,,,,,,,,,,,,,
cLEU,HG,,,,,,,,,,,,,,,
cLEU,CD,,,,,,,,,,,,,,,
cLEU,HD,HD11,1HD1,HD12,2HD1,HD13,3HD1,HD21,1HD2,HD22,2HD2,HD23,3HD2,,,
cLEU,O2,O'',OXT,OT2,,,,,,,,,,,,
cLEU,HO,H'',,,,,,,,,,,,,,
cLYS,N,,,,,,,,,,,,,,,
cLYS,HN,H,,,,,,,,,,,,,,
cLYS,CA,,,,,,,,,,,,,,,
cLYS,HA,,,,,,,,,,,,,,,
cLYS,CB,,,,,,,,,,,,,,,
cLYS,C,,,,,,,,,,,,,,,
cLYS,HB,HB2,1HB,HB1,HB3,2HB,,,,,,,,,,
cLYS,CG,,,,,,,,,,,,,,,
cLYS,O1,O,OT1,,,,,,,,,,,,,
cLYS,HG,HG2,1HG,HG1,HG3,2HG,,,,,,,,,,
cLYS,CD,,,,,,,,,,,,,,,
cLYS,HD,HD2,1HD,HD1,HD3,2HD,,,,,,,,,,
cLYS,CE,,,,,,,,,,,,,,,
cLYS,HE,HE2,1HE,HE1,HE3,2HE,,,,,,,,,,
cLYS,NZ,,,,,,,,,,,,,,,
cLYS,HZ,HZ1,1HZ,HNZ1,HZ2,2HZ,HNZ2,HZ3,3HZ,HNZ3,,,,,,
cLYS,O2,O'',OXT,OT2,,,,,,,,,,,,
cLYS,HO,H'',,,,,,,,,,,,,,
cMET,N,,,,,,,,,,,,,,,
cMET,HN,H,,,,,,,,,,,,,,
cMET,CA,,,,,,,,,,,,,,,
cMET,HA,,,,,,,,,,,,,,,
cMET,CB,,,,,,,,,,,,,,,
cMET,C,,,,,,,,,,,,,,,
cMET,HB,HB2,1HB,HB1,HB3,2HB,,,,,,,,,,
cMET,CG,,,,,,,,,,,,,,,
cMET,O1,O,OT1,,,,,,,,,,,,,
cMET,HG,HG2,1HG,HG1,HG3,2HG,,,,,,,,,,
cMET,SD,,,,,,,,,,,,,,,
cMET,CE,,,,,,,,,,,,,,,
cMET,HE,HE1,1HE,HE1,HE2,2HE,HE2,HE3,3HE,HE3,,,,,,
cMET,O2,O'',OXT,OT2,,,,,,,,,,,,
cMET,HO,H'',,,,,,,,,,,,,,
cPHE,N,,,,,,,,,,,,,,,
cPHE,HN,H,,,,,,,,,,,,,,
cPHE,CA,,,,,,,,,,,,,,,
cPHE,HA,,,,,,,,,,,,,,,
cPHE,CB,,,,,,,,,,,,,,,
cPHE,C,,,,,,,,,,,,,,,
cPHE,HB,HB2,1HB,HB1,HB3,2HB,,,,,,,,,,
cPHE,CG,,,,,,,,,,,,,,,
cPHE,O1,O,OT1,,,,,,,,,,,,,
cPHE,CD,CD1,CD2,,,,,,,,,,,,,
cPHE,HD,HD1,HD2,,,,,,,,,,,,,
cPHE,CE,CE1,CE2,,,,,,,,,,,,,
cPHE,HE,HE1,HE2,,,,,,,,,,,,,
cPHE,CZ,,,,,,,,,,,,,,,
cPHE,HZ,,,,,,,,,,,,,,,
cPHE,O2,O'',OXT,OT2,,,,,,,,,,,,
cPHE,HO,H'',,,,,,,,,,,,,,
cPRO,N,,,,,,,,,,,,,,,
cPRO,CD,,,,,,,,,,,,,,,
cPRO,CA,,,,,,,,,,,,,,,
cPRO,HD,HD2,1HD,HD2,HD3,2HD,,,,,,,,,,
cPRO,CG,,,,,,,,,,,,,,,
cPRO,CB,,,,,,,,,,,,,,,
cPRO,HA,,,,,,,,,,,,,,,
cPRO,C,,,,,,,,,,,,,,,
cPRO,HG,HG2,1HG,HG1,HG3,2HG,,,,,,,,,,
cPRO,HB,HB2,1HB,HB1,HB3,2HB,,,,,,,,,,
cPRO,O1,O,OT1,,,,,,,,,,,,,
cPRO,O2,O'',OXT,OT2,,,,,,,,,,,,
cPRO,HO,H'',,,,,,,,,,,,,,
cSER,N,,,,,,,,,,,,,,,
cSER,HN,H,,,,,,,,,,,,,,
cSER,CA,,,,,,,,,,,,,,,
cSER,HA,,,,,,,,,,,,,,,
cSER,CB,,,,,,,,,,,,,,,
cSER,C,,,,,,,,,,,,,,,
cSER,HB,HB2,1HB,HB1,HB3,2HB,,,,,,,,,,
cSER,OG,,,,,,,,,,,,,,,
cSER,O1,O,OT1,,,,,,,,,,,,,
cSER,HG,,,,,,,,,,,,,,,
cSER,O2,O'',OXT,OT2,,,,,,,,,,,,
cSER,HO,H'',,,,,,,,,,,,,,
cTHR,N,,,,,,,,,,,,,,,
cTHR,HN,H,,,,,,,,,,,,,,
cTHR,CA,,,,,,,,,,,,,,,
cTHR,HA,,,,,,,,,,,,,,,
cTHR,CB,,,,,,,,,,,,,,,
cTHR,C,,,,,,,,,,,,,,,
cTHR,HB,,,,,,,,,,,,,,,
cTHR,CG,CG2,,,,,,,,,,,,,,
cTHR,OG,OG1,,,,,,,,,,,,,,
cTHR,O1,O,OT1,,,,,,,,,,,,,
cTHR,HG2,HG21,1HG2,HG22,2HG2,HG23,3HG2,,,,,,,,,
cTHR,HG1,HG1,HOG1,,,,,,,,,,,,,
cTHR,O2,O'',OXT,OT2,,,,,,,,,,,,
cTHR,HO,H'',,,,,,,,,,,,,,
cTRP,N,,,,,,,,,,,,,,,
cTRP,HN,H,,,,,,,,,,,,,,
cTRP,CA,,,,,,,,,,,,,,,
cTRP,HA,,,,,,,,,,,,,,,
cTRP,CB,,,,,,,,,,,,,,,
cTRP,C,,,,,,,,,,,,,,,
cTRP,HB,HB2,1HB,HB1,HB3,2HB,,,,,,,,,,
cTRP,CG,,,,,,,,,,,,,,,
cTRP,O1,O,OT1,,,,,,,,,,,,,
cTRP,CD1,,,,,,,,,,,,,,,
cTRP,CD2,,,,,,,,,,,,,,,
cTRP,HD,HD1,,,,,,,,,,,,,,
cTRP,NE,NE1,,,,,,,,,,,,,,
cTRP,CE2,,,,,,,,,,,,,,,
cTRP,CE3,,,,,,,,,,,,,,,
cTRP,HE1,,,,,,,,,,,,,,,
cTRP,CZ2,,,,,,,,,,,,,,,
cTRP,CZ3,,,,,,,,,,,,,,,
cTRP,HE3,,,,,,,,,,,,,,,
cTRP,HZ2,,,,,,,,,,,,,,,
cTRP,CH2,,,,,,,,,,,,,,,
cTRP,HZ3,,,,,,,,,,,,,,,
cTRP,HH2,,,,,,,,,,,,,,,
cTRP,O2,O'',OXT,OT2,,,,,,,,,,,,
cTRP,HO,H'',,,,,,,,,,,,,,
cTYR,N,,,,,,,,,,,,,,,
cTYR,HN,H,,,,,,,,,,,,,,
cTYR,CA,,,,,,,,,,,,,,,
cTYR,HA,,,,,,,,,,,,,,,
cTYR,CB,,,,,,,,,,,,,,,
cTYR,C,,,,,,,,,,,,,,,
cTYR,HB,HB2,1HB,HB1,HB3,2HB,,,,,,,,,,
cTYR,CG,,,,,,,,,,,,,,,
cTYR,O1,O,OT1,,,,,,,,,,,,,
cTYR,CD,CD1,CD2,,,,,,,,,,,,,
cTYR,HD,HD1,HD2,,,,,,,,,,,,,
cTYR,CE,CE1,CE2,,,,,,,,,,,,,
cTYR,HE,HE1,HE2,,,,,,,,,,,,,
cTYR,CZ,,,,,,,,,,,,,,,
cTYR,OH,,,,,,,,,,,,,,,
cTYR,HH,,,,,,,,,,,,,,,
cTYR,O2,O'',OXT,OT2,,,,,,,,,,,,
cTYR,HO,H'',,,,,,,,,,,,,,
cVAL,N,,,,,,,,,,,,,,,
cVAL,HN,H,,,,,,,,,,,,,,
cVAL,CA,,,,,,,,,,,,,,,
cVAL,HA,,,,,,,,,,,,,,,
cVAL,CB,,,,,,,,,,,,,,,
cVAL,C,,,,,,,,,,,,,,,
cVAL,HB,,,,,,,,,,,,,,,
cVAL,CG,CG1,CG2,,,,,,,,,,,,,
cVAL,O1,O,OT1,,,,,,,,,,,,,
cVAL,HG,HG11,1HG1,HG21,HG12,2HG1,HG22,HG13,3HG1,HG23,HG21,1HG2,HG22,2HG2,HG23,3HG2
cVAL,O2,O'',OXT,OT2,,,,,,,,,,,,
cVAL,HO,H'',,,,,,,,,,,,,,
cASH,N,,,,,,,,,,,,,,,
cASH,HN,H,,,,,,,,,,,,,,
cASH,CA,,,,,,,,,,,,,,,
cASH,HA,,,,,,,,,,,,,,,
cASH,CB,,,,,,,,,,,,,,,
cASH,C,,,,,,,,,,,,,,,
cASH,HB,HB2,1HB,HB1,HB3,2HB,,,,,,,,,,
cASH,CG,,,,,,,,,,,,,,,
cASH,O1,O,OT1,,,,,,,,,,,,,
cASH,OD1,,,,,,,,,,,,,,,
cASH,OD2,,,,,,,,,,,,,,,
cASH,HD,HD2,,,,,,,,,,,,,,
cASH,O2,O'',OXT,OT2,,,,,,,,,,,,
cASH,HO,H'',,,,,,,,,,,,,,
cCYD,N,,,,,,,,,,,,,,,
cCYD,HN,H,,,,,,,,,,,,,,
cCYD,CA,,,,,,,,,,,,,,,
cCYD,HA,,,,,,,,,,,,,,,
cCYD,CB,,,,,,,,,,,,,,,
cCYD,C,,,,,,,,,,,,,,,
cCYD,HB,HB2,1HB,HB1,HB3,2HB,,,,,,,,,,
cCYD,SG,,,,,,,,,,,,,,,
cCYD,O1,O,OT1,,,,,,,,,,,,,
cCYD,O2,O'',OXT,OT2,,,,,,,,,,,,
cCYD,HO,H'',,,,,,,,,,,,,,
cCYX,N,,,,,,,,,,,,,,,
cCYX,HN,H,,,,,,,,,,,,,,
cCYX,CA,,,,,,,,,,,,,,,
cCYX,HA,,,,,,,,,,,,,,,
cCYX,CB,,,,,,,,,,,,,,,
cCYX,C,,,,,,,,,,,,,,,
cCYX,HB,HB2,1HB,HB1,HB3,2HB,,,,,,,,,,
cCYX,SG,,,,,,,,,,,,,,,
cCYX,O1,O,OT1,,,,,,,,,,,,,
cCYX,O2,O'',OXT,OT2,,,,,,,,,,,,
cCYX,HO,H'',,,,,,,,,,,,,,
cGLH,N,,,,,,,,,,,,,,,
cGLH,HN,H,,,,,,,,,,,,,,
cGLH,CA,,,,,,,,,,,,,,,
cGLH,HA,,,,,,,,,,,,,,,
cGLH,CB,,,,,,,,,,,,,,,
cGLH,C,,,,,,,,,,,,,,,
cGLH,HB,HB2,1HB,HB1,HB3,2HB,,,,,,,,,,
cGLH,CG,,,,,,,,,,,,,,,
cGLH,O1,O,OT1,,,,,,,,,,,,,
cGLH,HG,HG2,1HG,HG1,HG3,2HG,,,,,,,,,,
cGLH,CD,,,,,,,,,,,,,,,
cGLH,OE1,,,,,,,,,,,,,,,
cGLH,OE2,,,,,,,,,,,,,,,
cGLH,HE,HE2,,,,,,,,,,,,,,
cGLH,O2,O'',OXT,OT2,,,,,,,,,,,,
cGLH,HO,H'',,,,,,,,,,,,,,
cLYD,N,,,,,,,,,,,,,,,
cLYD,HN,H,,,,,,,,,,,,,,
cLYD,CA,,,,,,,,,,,,,,,
cLYD,HA,,,,,,,,,,,,,,,
cLYD,CB,,,,,,,,,,,,,,,
cLYD,C,,,,,,,,,,,,,,,
cLYD,HB,HB2,1HB,HB1,HB3,2HB,,,,,,,,,,
cLYD,CG,,,,,,,,,,,,,,,
cLYD,O1,O,OT1,,,,,,,,,,,,,
cLYD,HG,HG2,1HG,HG1,HG3,2HG,,,,,,,,,,
cLYD,CD,,,,,,,,,,,,,,,
cLYD,HD,HD2,1HD,HD1,HD3,2HD,,,,,,,,,,
cLYD,CE,,,,,,,,,,,,,,,
cLYD,HE,HE2,1HE,HE1,HE3,2HE,,,,,,,,,,
cLYD,NZ,,,,,,,,,,,,,,,
cLYD,HZ,HZ1,1HZ,HNZ1,HZ2,2HZ,HNZ2,HZ3,3HZ,HNZ3,,,,,,
cLYD,O2,O'',OXT,OT2,,,,,,,,,,,,
cLYD,HO,H'',,,,,,,,,,,,,,
CALA,N,,,,,,,,,,,,,,,
CALA,HN,H,,,,,,,,,,,,,,
CALA,CA,,,,,,,,,,,,,,,
CALA,HA,,,,,,,,,,,,,,,
CALA,CB,,,,,,,,,,,,,,,
CALA,C,,,,,,,,,,,,,,,
CALA,HB,HB1,1HB,HB2,2HB,HB3,3HB,,,,,,,,,
CALA,O,,,,,,,,,,,,,,,
CARG,N,,,,,,,,,,,,,,,
CARG,HN,H,,,,,,,,,,,,,,
CARG,CA,,,,,,,,,,,,,,,
CARG,HA,,,,,,,,,,,,,,,
CARG,CB,,,,,,,,,,,,,,,
CARG,C,,,,,,,,,,,,,,,
CARG,HB,HB2,1HB,HB1,HB3,2HB,,,,,,,,,,
CARG,CG,CG,,,,,,,,,,,,,,
CARG,O,O,,,,,,,,,,,,,,
CARG,HG,HG2,1HG,HG1,HG3,2HG,,,,,,,,,,
CARG,CD,,,,,,,,,,,,,,,
CARG,HD,HD2,1HD,HD1,HD3,2HD,,,,,,,,,,
CARG,NE,,,,,,,,,,,,,,,
CARG,HE,HE,,,,,,,,,,,,,,
CARG,CZ,,,,,,,,,,,,,,,
CARG,NH,NH1,NH2,,,,,,,,,,,,,
CARG,HH,HH11,1HH1,HH12,2HH1,HH21,1HH2,HH22,2HH2,,,,,,,
CASN,N,,,,,,,,,,,,,,,
CASN,HN,H,,,,,,,,,,,,,,
CASN,CA,,,,,,,,,,,,,,,
CASN,HA,,,,,,,,,,,,,,,
CASN,CB,,,,,,,,,,,,,,,
CASN,C,,,,,,,,,,,,,,,
CASN,HB,HB2,1HB,HB1,HB3,2HB,,,,,,,,,,
CASN,CG,,,,,,,,,,,,,,,
CASN,O,,,,,,,,,,,,,,,
CASN,OD,OD1,,,,,,,,,,,,,,
CASN,ND,ND2,,,,,,,,,,,,,,
CASN,HD,HD21,1HD2,HN21,HD22,2HD2,HN22,,,,,,,,,
CASP,N,,,,,,,,,,,,,,,
CASP,HN,H,,,,,,,,,,,,,,
CASP,CA,,,,,,,,,,,,,,,
CASP,HA,,,,,,,,,,,,,,,
CASP,CB,,,,,,,,,,,,,,,
CASP,C,,,,,,,,,,,,,,,
CASP,HB,HB2,1HB,HB1,HB3,2HB,,,,,,,,,,
CASP,CG,,,,,,,,,,,,,,,
CASP,O,,,,,,,,,,,,,,,
CASP,OD,OD1,OD2,,,,,,,,,,,,,
CCYS,N,,,,,,,,,,,,,,,
CCYS,HN,H,,,,,,,,,,,,,,
CCYS,CA,,,,,,,,,,,,,,,
CCYS,HA,,,,,,,,,,,,,,,
CCYS,CB,,,,,,,,,,,,,,,
CCYS,C,,,,,,,,,,,,,,,
CCYS,HB,HB2,1HB,HB1,HB3,2HB,,,,,,,,,,
CCYS,SG,,,,,,,,,,,,,,,
CCYS,O,,,,,,,,,,,,,,,
CCYS,HG,,,,,,,,,,,,,,,
CGLN,N,,,,,,,,,,,,,,,
CGLN,HN,H,,,,,,,,,,,,,,
CGLN,CA,,,,,,,,,,,,,,,
CGLN,HA,,,,,,,,,,,,,,,
CGLN,CB,,,,,,,,,,,,,,,
CGLN,C,,,,,,,,,,,,,,,
CGLN,HB,HB2,1HB,HB1,HB3,2HB,,,,,,,,,,
CGLN,CG,,,,,,,,,,,,,,,
CGLN,O,,,,,,,,,,,,,,,
CGLN,HG,HG2,1HG,HG1,HG3,2HG,,,,,,,,,,
CGLN,CD,,,,,,,,,,,,,,,
CGLN,OE,OE1,,,,,,,,,,,,,,
CGLN,NE,NE2,,,,,,,,,,,,,,
CGLN,HE,HE21,1HE2,HE22,2HE2,,,,,,,,,,,
CGLU,N,,,,,,,,,,,,,,,
CGLU,HN,H,,,,,,,,,,,,,,
CGLU,CA,,,,,,,,,,,,,,,
CGLU,HA,,,,,,,,,,,,,,,
CGLU,CB,,,,,,,,,,,,,,,
CGLU,C,,,,,,,,,,,,,,,
CGLU,HB,HB2,1HB,HB1,HB3,2HB,,,,,,,,,,
CGLU,CG,,,,,,,,,,,,,,,
CGLU,O,,,,,,,,,,,,,,,
CGLU,HG,HG2,1HG,HG1,HG3,2HG,,,,,,,,,,
CGLU,CD,,,,,,,,,,,,,,,
CGLU,OE,OE1,OE2,,,,,,,,,,,,,
CGLY,N,,,,,,,,,,,,,,,
CGLY,HN,H,,,,,,,,,,,,,,
CGLY,CA,,,,,,,,,,,,,,,
CGLY,C,,,,,,,,,,,,,,,
CGLY,HA,HA2,1HA,HA1,HA3,2HA,,,,,,,,,,
CGLY,O,,,,,,,,,,,,,,,
CHID,N,,,,,,,,,,,,,,,
CHID,HN,H,,,,,,,,,,,,,,
CHID,CA,,,,,,,,,,,,,,,
CHID,HA,,,,,,,,,,,,,,,
CHID,CB,,,,,,,,,,,,,,,
CHID,C,,,,,,,,,,,,,,,
CHID,HB,HB2,1HB,HB1,HB3,2HB,,,,,,,,,,
CHID,CG,,,,,,,,,,,,,,,
CHID,O,,,,,,,,,,,,,,,
CHID,ND,ND1,,,,,,,,,,,,,,
CHID,CD,,,,,,,,,,,,,,,
CHID,HD1,,,,,,,,,,,,,,,
CHID,CE,,,,,,,,,,,,,,,
CHID,NE,NE2,,,,,,,,,,,,,,
CHID,HD2,,,,,,,,,,,,,,,
CHID,HE,,,,,,,,,,,,,,,
CHIE,N,,,,,,,,,,,,,,,
CHIE,HN,H,,,,,,,,,,,,,,
CHIE,CA,,,,,,,,,,,,,,,
CHIE,HA,,,,,,,,,,,,,,,
CHIE,CB,,,,,,,,,,,,,,,
CHIE,C,,,,,,,,,,,,,,,
CHIE,HB,HB2,1HB,HB1,HB3,2HB,,,,,,,,,,
CHIE,CG,,,,,,,,,,,,,,,
CHIE,O,,,,,,,,,,,,,,,
CHIE,ND,ND1,,,,,,,,,,,,,,
CHIE,CD,,,,,,,,,,,,,,,
CHIE,CE,,,,,,,,,,,,,,,
CHIE,NE,NE2,,,,,,,,,,,,,,
CHIE,HD,,,,,,,,,,,,,,,
CHIE,HE1,,,,,,,,,,,,,,,
CHIE,HE2,HNE2,,,,,,,,,,,,,,
CHIS,N,,,,,,,,,,,,,,,
CHIS,HN,H,,,,,,,,,,,,,,
CHIS,CA,,,,,,,,,,,,,,,
CHIS,HA,,,,,,,,,,,,,,,
CHIS,CB,,,,,,,,,,,,,,,
CHIS,C,,,,,,,,,,,,,,,
CHIS,HB,HB2,1HB,HB1,HB3,2HB,,,,,,,,,,
CHIS,CG,,,,,,,,,,,,,,,
CHIS,O,,,,,,,,,,,,,,,
CHIS,ND,ND1,,,,,,,,,,,,,,
CHIS,CD,,,,,,,,,,,,,,,
CHIS,HD1,,,,,,,,,,,,,,,
CHIS,CE,,,,,,,,,,,,,,,
CHIS,NE,NE2,,,,,,,,,,,,,,
CHIS,HD2,,,,,,,,,,,,,,,
CHIS,HE1,,,,,,,,,,,,,,,
CHIS,HE2,HNE2,,,,,,,,,,,,,,
CILE,N,,,,,,,,,,,,,,,
CILE,HN,H,,,,,,,,,,,,,,
CILE,CA,,,,,,,,,,,,,,,
CILE,HA,,,,,,,,,,,,,,,
CILE,CB,,,,,,,,,,,,,,,
CILE,C,,,,,,,,,,,,,,,
CILE,HB,,,,,,,,,,,,,,,
CILE,CG2,,,,,,,,,,,,,,,
CILE,CG1,,,,,,,,,,,,,,,
CILE,O,,,,,,,,,,,,,,,
CILE,HG2,HG21,1HG2,HG21,HG22,2HG2,HG23,3HG2,,,,,,,,
CILE,HG1,HG12,1HG1,HG11,HG13,2HG1,,,,,,,,,,
CILE,CD,CD1,CD2,,,,,,,,,,,,,
CILE,HD,HD11,1HD1,HD12,2HD1,HD13,3HD1,,,,,,,,,
CLEU,N,,,,,,,,,,,,,,,
CLEU,HN,H,,,,,,,,,,,,,,
CLEU,CA,,,,,,,,,,,,,,,
CLEU,HA,,,,,,,,,,,,,,,
CLEU,CB,,,,,,,,,,,,,,,
CLEU,C,,,,,,,,,,,,,,,
CLEU,HB,HB2,1HB,HB1,HB3,2HB,,,,,,,,,,
CLEU,CG,,,,,,,,,,,,,,,
CLEU,O,,,,,,,,,,,,,,,
CLEU,HG,,,,,,,,,,,,,,,
CLEU,CD,,,,,,,,,,,,,,,
CLEU,HD,HD11,1HD1,HD12,2HD1,HD13,3HD1,HD21,1HD2,HD22,2HD2,HD23,3HD2,,,
CLYS,N,,,,,,,,,,,,,,,
CLYS,HN,H,,,,,,,,,,,,,,
CLYS,CA,,,,,,,,,,,,,,,
CLYS,HA,,,,,,,,,,,,,,,
CLYS,CB,,,,,,,,,,,,,,,
CLYS,C,,,,,,,,,,,,,,,
CLYS,HB,HB2,1HB,HB1,HB3,2HB,,,,,,,,,,
CLYS,CG,,,,,,,,,,,,,,,
CLYS,O,,,,,,,,,,,,,,,
CLYS,HG,HG2,1HG,HG1,HG3,2HG,,,,,,,,,,
CLYS,CD,,,,,,,,,,,,,,,
CLYS,HD,HD2,1HD,HD1,HD3,2HD,,,,,,,,,,
CLYS,CE,,,,,,,,,,,,,,,
CLYS,HE,HE2,1HE,HE1,HE3,2HE,,,,,,,,,,
CLYS,NZ,,,,,,,,,,,,,,,
CLYS,HZ,HZ1,1HZ,HNZ1,HZ2,2HZ,HNZ2,HZ3,3HZ,HNZ3,,,,,,
CMET,N,,,,,,,,,,,,,,,
CMET,HN,H,,,,,,,,,,,,,,
CMET,CA,,,,,,,,,,,,,,,
CMET,HA,,,,,,,,,,,,,,,
CMET,CB,,,,,,,,,,,,,,,
CMET,C,,,,,,,,,,,,,,,
CMET,HB,HB2,1HB,HB1,HB3,2HB,,,,,,,,,,
CMET,CG,,,,,,,,,,,,,,,
CMET,O,,,,,,,,,,,,,,,
CMET,HG,HG2,1HG,HG1,HG3,2HG,,,,,,,,,,
CMET,SD,,,,,,,,,,,,,,,
CMET,CE,,,,,,,,,,,,,,,
CMET,HE,HE1,1HE,HE1,HE2,2HE,HE2,HE3,3HE,HE3,,,,,,
CPHE,N,,,,,,,,,,,,,,,
CPHE,HN,H,,,,,,,,,,,,,,
CPHE,CA,,,,,,,,,,,,,,,
CPHE,HA,,,,,,,,,,,,,,,
CPHE,CB,,,,,,,,,,,,,,,
CPHE,C,,,,,,,,,,,,,,,
CPHE,HB,HB2,1HB,HB1,HB3,2HB,,,,,,,,,,
CPHE,CG,,,,,,,,,,,,,,,
CPHE,O,,,,,,,,,,,,,,,
CPHE,CD,CD1,CD2,,,,,,,,,,,,,
CPHE,HD,HD1,HD2,,,,,,,,,,,,,
CPHE,CE,CE1,CE2,,,,,,,,,,,,,
CPHE,HE,HE1,HE2,,,,,,,,,,,,,
CPHE,CZ,,,,,,,,,,,,,,,
CPHE,HZ,,,,,,,,,,,,,,,
CPRO,N,,,,,,,,,,,,,,,
CPRO,CD,,,,,,,,,,,,,,,
CPRO,CA,,,,,,,,,,,,,,,
CPRO,HD,HD2,1HD,HD2,HD3,2HD,,,,,,,,,,
CPRO,CG,,,,,,,,,,,,,,,
CPRO,CB,,,,,,,,,,,,,,,
CPRO,HA,,,,,,,,,,,,,,,
CPRO,C,,,,,,,,,,,,,,,
CPRO,HG,HG2,1HG,HG1,HG3,2HG,,,,,,,,,,
CPRO,HB,HB2,1HB,HB1,HB3,2HB,,,,,,,,,,
CPRO,O,,,,,,,,,,,,,,,
CSER,N,,,,,,,,,,,,,,,
CSER,HN,H,,,,,,,,,,,,,,
CSER,CA,,,,,,,,,,,,,,,
CSER,HA,,,,,,,,,,,,,,,
CSER,CB,,,,,,,,,,,,,,,
CSER,C,,,,,,,,,,,,,,,
CSER,HB,HB2,1HB,HB1,HB3,2HB,,,,,,,,,,
CSER,OG,,,,,,,,,,,,,,,
CSER,O,,,,,,,,,,,,,,,
CSER,HG,,,,,,,,,,,,,,,
CTHR,N,,,,,,,,,,,,,,,
CTHR,HN,H,,,,,,,,,,,,,,
CTHR,CA,,,,,,,,,,,,,,,
CTHR,HA,,,,,,,,,,,,,,,
CTHR,CB,,,,,,,,,,,,,,,
CTHR,C,,,,,,,,,,,,,,,
CTHR,HB,,,,,,,,,,,,,,,
CTHR,CG,CG2,,,,,,,,,,,,,,
CTHR,OG,OG1,,,,,,,,,,,,,,
CTHR,O,,,,,,,,,,,,,,,
CTHR,HG2,HG21,1HG2,HG22,2HG2,HG23,3HG2,,,,,,,,,
CTHR,HG1,HG1,HOG1,,,,,,,,,,,,,
CTRP,N,,,,,,,,,,,,,,,
CTRP,HN,H,,,,,,,,,,,,,,
CTRP,CA,,,,,,,,,,,,,,,
CTRP,HA,,,,,,,,,,,,,,,
CTRP,CB,,,,,,,,,,,,,,,
CTRP,C,,,,,,,,,,,,,,,
CTRP,HB,HB2,1HB,HB1,HB3,2HB,,,,,,,,,,
CTRP,CG,,,,,,,,,,,,,,,
CTRP,O,,,,,,,,,,,,,,,
CTRP,CD1,,,,,,,,,,,,,,,
CTRP,CD2,,,,,,,,,,,,,,,
CTRP,HD,HD1,,,,,,,,,,,,,,
CTRP,NE,NE1,,,,,,,,,,,,,,
CTRP,CE2,,,,,,,,,,,,,,,
CTRP,CE3,,,,,,,,,,,,,,,
CTRP,HE1,,,,,,,,,,,,,,,
CTRP,CZ2,,,,,,,,,,,,,,,
CTRP,CZ3,,,,,,,,,,,,,,,
CTRP,HE3,,,,,,,,,,,,,,,
CTRP,HZ2,,,,,,,,,,,,,,,
CTRP,CH2,,,,,,,,,,,,,,,
CTRP,HZ3,,,,,,,,,,,,,,,
CTRP,HH2,,,,,,,,,,,,,,,
CTYR,N,,,,,,,,,,,,,,,
CTYR,HN,H,,,,,,,,,,,,,,
CTYR,CA,,,,,,,,,,,,,,,
CTYR,HA,,,,,,,,,,,,,,,
CTYR,CB,,,,,,,,,,,,,,,
CTYR,C,,,,,,,,,,,,,,,
CTYR,HB,HB2,1HB,HB1,HB3,2HB,,,,,,,,,,
CTYR,CG,,,,,,,,,,,,,,,
CTYR,O,,,,,,,,,,,,,,,
CTYR,CD,CD1,CD2,,,,,,,,,,,,,
CTYR,HD,HD1,HD2,,,,,,,,,,,,,
CTYR,CE,CE1,CE2,,,,,,,,,,,,,
CTYR,HE,HE1,HE2,,,,,,,,,,,,,
CTYR,CZ,,,,,,,,,,,,,,,
CTYR,OH,,,,,,,,,,,,,,,
CTYR,HH,,,,,,,,,,,,,,,
CVAL,N,,,,,,,,,,,,,,,
CVAL,HN,H,,,,,,,,,,,,,,
CVAL,CA,,,,,,,,,,,,,,,
CVAL,HA,,,,,,,,,,,,,,,
CVAL,CB,,,,,,,,,,,,,,,
CVAL,C,,,,,,,,,,,,,,,
CVAL,HB,,,,,,,,,,,,,,,
CVAL,CG,CG1,CG2,,,,,,,,,,,,,
CVAL,O,,,,,,,,,,,,,,,
CVAL,HG,HG11,1HG1,HG21,HG12,2HG1,HG22,HG13,3HG1,HG23,HG21,1HG2,HG22,2HG2,HG23,3HG2
CASH,N,,,,,,,,,,,,,,,
CASH,HN,H,,,,,,,,,,,,,,
CASH,CA,,,,,,,,,,,,,,,
CASH,HA,,,,,,,,,,,,,,,
CASH,CB,,,,,,,,,,,,,,,
CASH,C,,,,,,,,,,,,,,,
CASH,HB,HB2,1HB,HB1,HB3,2HB,,,,,,,,,,
CASH,CG,,,,,,,,,,,,,,,
CASH,O,,,,,,,,,,,,,,,
CASH,OD1,,,,,,,,,,,,,,,
CASH,OD2,,,,,,,,,,,,,,,
CASH,HD,HD2,,,,,,,,,,,,,,
CCYD,N,,,,,,,,,,,,,,,
CCYD,HN,H,,,,,,,,,,,,,,
CCYD,CA,,,,,,,,,,,,,,,
CCYD,HA,,,,,,,,,,,,,,,
CCYD,CB,,,,,,,,,,,,,,,
CCYD,C,,,,,,,,,,,,,,,
CCYD,HB,HB2,1HB,HB1,HB3,2HB,,,,,,,,,,
CCYD,SG,,,,,,,,,,,,,,,
CCYD,O,,,,,,,,,,,,,,,
CCYX,N,,,,,,,,,,,,,,,
CCYX,HN,H,,,,,,,,,,,,,,
CCYX,CA,,,,,,,,,,,,,,,
CCYX,HA,,,,,,,,,,,,,,,
CCYX,CB,,,,,,,,,,,,,,,
CCYX,C,,,,,,,,,,,,,,,
CCYX,HB,HB2,1HB,HB1,HB3,2HB,,,,,,,,,,
CCYX,SG,,,,,,,,,,,,,,,
CCYX,O,,,,,,,,,,,,,,,
CGLH,N,,,,,,,,,,,,,,,
CGLH,HN,H,,,,,,,,,,,,,,
CGLH,CA,,,,,,,,,,,,,,,
CGLH,HA,,,,,,,,,,,,,,,
CGLH,CB,,,,,,,,,,,,,,,
CGLH,C,,,,,,,,,,,,,,,
CGLH,HB,HB2,1HB,HB1,HB3,2HB,,,,,,,,,,
CGLH,CG,,,,,,,,,,,,,,,
CGLH,O,,,,,,,,,,,,,,,
CGLH,HG,HG2,1HG,HG1,HG3,2HG,,,,,,,,,,
CGLH,CD,,,,,,,,,,,,,,,
CGLH,OE1,,,,,,,,,,,,,,,
CGLH,OE2,,,,,,,,,,,,,,,
CGLH,HE,HE2,,,,,,,,,,,,,,
CLYD,N,,,,,,,,,,,,,,,
CLYD,HN,H,,,,,,,,,,,,,,
CLYD,CA,,,,,,,,,,,,,,,
CLYD,HA,,,,,,,,,,,,,,,
CLYD,CB,,,,,,,,,,,,,,,
CLYD,C,,,,,,,,,,,,,,,
CLYD,HB,HB2,1HB,HB1,HB3,2HB,,,,,,,,,,
CLYD,CG,,,,,,,,,,,,,,,
CLYD,O,,,,,,,,,,,,,,,
CLYD,HG,HG2,1HG,HG1,HG3,2HG,,,,,,,,,,
CLYD,CD,,,,,,,,,,,,,,,
CLYD,HD,HD2,1HD,HD1,HD3,2HD,,,,,,,,,,
CLYD,CE,,,,,,,,,,,,,,,
CLYD,HE,HE2,1HE,HE1,HE3,2HE,,,,,,,,,,
CLYD,NZ,,,,,,,,,,,,,,,
CLYD,HZ,HZ1,1HZ,HNZ1,HZ2,2HZ,HNZ2,HZ3,3HZ,HNZ3,,,,,,
AALA,CY,,,,,,,,,,,,,,,
AALA,OY,,,,,,,,,,,,,,,
AALA,CAY,,,,,,,,,,,,,,,
AALA,HY,,,,,,,,,,,,,,,
AALA,N,,,,,,,,,,,,,,,
AALA,HN,,,,,,,,,,,,,,,
AALA,CA,,,,,,,,,,,,,,,
AALA,HA,,,,,,,,,,,,,,,
AALA,CB,,,,,,,,,,,,,,,
AALA,C,,,,,,,,,,,,,,,
AALA,HB,,,,,,,,,,,,,,,
AALA,O,,,,,,,,,,,,,,,
AARG,CY,,,,,,,,,,,,,,,
AARG,OY,,,,,,,,,,,,,,,
AARG,CAY,,,,,,,,,,,,,,,
AARG,HY,,,,,,,,,,,,,,,
AARG,N,,,,,,,,,,,,,,,
AARG,HN,,,,,,,,,,,,,,,
AARG,CA,,,,,,,,,,,,,,,
AARG,HA,,,,,,,,,,,,,,,
AARG,CB,,,,,,,,,,,,,,,
AARG,C,,,,,,,,,,,,,,,
AARG,HB,,,,,,,,,,,,,,,
AARG,CG,,,,,,,,,,,,,,,
AARG,O,,,,,,,,,,,,,,,
AARG,HG,,,,,,,,,,,,,,,
AARG,CD,,,,,,,,,,,,,,,
AARG,HD,,,,,,,,,,,,,,,
AARG,NE,,,,,,,,,,,,,,,
AARG,HE,,,,,,,,,,,,,,,
AARG,CZ,,,,,,,,,,,,,,,
AARG,NH,,,,,,,,,,,,,,,
AARG,HH,,,,,,,,,,,,,,,
AASN,CY,,,,,,,,,,,,,,,
AASN,OY,,,,,,,,,,,,,,,
AASN,CAY,,,,,,,,,,,,,,,
AASN,HY,,,,,,,,,,,,,,,
AASN,N,,,,,,,,,,,,,,,
AASN,HN,,,,,,,,,,,,,,,
AASN,CA,,,,,,,,,,,,,,,
AASN,HA,,,,,,,,,,,,,,,
AASN,CB,,,,,,,,,,,,,,,
AASN,C,,,,,,,,,,,,,,,
AASN,HB,,,,,,,,,,,,,,,
AASN,CG,,,,,,,,,,,,,,,
AASN,O,,,,,,,,,,,,,,,
AASN,OD,,,,,,,,,,,,,,,
AASN,ND,,,,,,,,,,,,,,,
AASN,HD,,,,,,,,,,,,,,,
AASP,CY,,,,,,,,,,,,,,,
AASP,OY,,,,,,,,,,,,,,,
AASP,CAY,,,,,,,,,,,,,,,
AASP,HY,,,,,,,,,,,,,,,
AASP,N,,,,,,,,,,,,,,,
AASP,HN,,,,,,,,,,,,,,,
AASP,CA,,,,,,,,,,,,,,,
AASP,HA,,,,,,,,,,,,,,,
AASP,CB,,,,,,,,,,,,,,,
AASP,C,,,,,,,,,,,,,,,
AASP,HB,,,,,,,,,,,,,,,
AASP,CG,,,,,,,,,,,,,,,
AASP,O,,,,,,,,,,,,,,,
AASP,OD,,,,,,,,,,,,,,,
ACYS,CY,,,,,,,,,,,,,,,
ACYS,OY,,,,,,,,,,,,,,,
ACYS,CAY,,,,,,,,,,,,,,,
ACYS,HY,,,,,,,,,,,,,,,
ACYS,N,,,,,,,,,,,,,,,
ACYS,HN,,,,,,,,,,,,,,,
ACYS,CA,,,,,,,,,,,,,,,
ACYS,HA,,,,,,,,,,,,,,,
ACYS,CB,,,,,,,,,,,,,,,
ACYS,C,,,,,,,,,,,,,,,
ACYS,HB,,,,,,,,,,,,,,,
ACYS,SG,,,,,,,,,,,,,,,
ACYS,O,,,,,,,,,,,,,,,
ACYS,HG,,,,,,,,,,,,,,,
AGLN,CY,,,,,,,,,,,,,,,
AGLN,OY,,,,,,,,,,,,,,,
AGLN,CAY,,,,,,,,,,,,,,,
AGLN,HY,,,,,,,,,,,,,,,
AGLN,N,,,,,,,,,,,,,,,
AGLN,HN,,,,,,,,,,,,,,,
AGLN,CA,,,,,,,,,,,,,,,
AGLN,HA,,,,,,,,,,,,,,,
AGLN,CB,,,,,,,,,,,,,,,
AGLN,C,,,,,,,,,,,,,,,
AGLN,HB,,,,,,,,,,,,,,,
AGLN,CG,,,,,,,,,,,,,,,
AGLN,O,,,,,,,,,,,,,,,
AGLN,HG,,,,,,,,,,,,,,,
AGLN,CD,,,,,,,,,,,,,,,
AGLN,OE,,,,,,,,,,,,,,,
AGLN,NE,,,,,,,,,,,,,,,
AGLN,HE,,,,,,,,,,,,,,,
AGLU,CY,,,,,,,,,,,,,,,
AGLU,OY,,,,,,,,,,,,,,,
AGLU,CAY,,,,,,,,,,,,,,,
AGLU,HY,,,,,,,,,,,,,,,
AGLU,N,,,,,,,,,,,,,,,
AGLU,HN,,,,,,,,,,,,,,,
AGLU,CA,,,,,,,,,,,,,,,
AGLU,HA,,,,,,,,,,,,,,,
AGLU,CB,,,,,,,,,,,,,,,
AGLU,C,,,,,,,,,,,,,,,
AGLU,HB,,,,,,,,,,,,,,,
AGLU,CG,,,,,,,,,,,,,,,
AGLU,O,,,,,,,,,,,,,,,
AGLU,HG,,,,,,,,,,,,,,,
AGLU,CD,,,,,,,,,,,,,,,
AGLU,OE,,,,,,,,,,,,,,,
AGLY,CY,,,,,,,,,,,,,,,
AGLY,OY,,,,,,,,,,,,,,,
AGLY,CAY,,,,,,,,,,,,,,,
AGLY,HY,,,,,,,,,,,,,,,
AGLY,N,,,,,,,,,,,,,,,
AGLY,HN,,,,,,,,,,,,,,,
AGLY,CA,,,,,,,,,,,,,,,
AGLY,C,,,,,,,,,,,,,,,
AGLY,HA,,,,,,,,,,,,,,,
AGLY,O,,,,,,,,,,,,,,,
AHID,CY,,,,,,,,,,,,,,,
AHID,OY,,,,,,,,,,,,,,,
AHID,CAY,,,,,,,,,,,,,,,
AHID,HY,,,,,,,,,,,,,,,
AHID,N,,,,,,,,,,,,,,,
AHID,HN,,,,,,,,,,,,,,,
AHID,CA,,,,,,,,,,,,,,,
AHID,HA,,,,,,,,,,,,,,,
AHID,CB,,,,,,,,,,,,,,,
AHID,C,,,,,,,,,,,,,,,
AHID,HB,,,,,,,,,,,,,,,
AHID,CG,,,,,,,,,,,,,,,
AHID,O,,,,,,,,,,,,,,,
AHID,ND,,,,,,,,,,,,,,,
AHID,CD,,,,,,,,,,,,,,,
AHID,HD1,,,,,,,,,,,,,,,
AHID,CE,,,,,,,,,,,,,,,
AHID,NE,,,,,,,,,,,,,,,
AHID,HD2,,,,,,,,,,,,,,,
AHID,HE,,,,,,,,,,,,,,,
AHIE,CY,,,,,,,,,,,,,,,
AHIE,OY,,,,,,,,,,,,,,,
AHIE,CAY,,,,,,,,,,,,,,,
AHIE,HY,,,,,,,,,,,,,,,
AHIE,N,,,,,,,,,,,,,,,
AHIE,HN,,,,,,,,,,,,,,,
AHIE,CA,,,,,,,,,,,,,,,
AHIE,HA,,,,,,,,,,,,,,,
AHIE,CB,,,,,,,,,,,,,,,
AHIE,C,,,,,,,,,,,,,,,
AHIE,HB,,,,,,,,,,,,,,,
AHIE,CG,,,,,,,,,,,,,,,
AHIE,O,,,,,,,,,,,,,,,
AHIE,ND,,,,,,,,,,,,,,,
AHIE,CD,,,,,,,,,,,,,,,
AHIE,CE,,,,,,,,,,,,,,,
AHIE,NE,,,,,,,,,,,,,,,
AHIE,HD,,,,,,,,,,,,,,,
AHIE,HE1,,,,,,,,,,,,,,,
AHIE,HE2,,,,,,,,,,,,,,,
AHIS,CY,,,,,,,,,,,,,,,
AHIS,OY,,,,,,,,,,,,,,,
AHIS,CAY,,,,,,,,,,,,,,,
AHIS,HY,,,,,,,,,,,,,,,
AHIS,N,,,,,,,,,,,,,,,
AHIS,HN,,,,,,,,,,,,,,,
AHIS,CA,,,,,,,,,,,,,,,
AHIS,HA,,,,,,,,,,,,,,,
AHIS,CB,,,,,,,,,,,,,,,
AHIS,C,,,,,,,,,,,,,,,
AHIS,HB,,,,,,,,,,,,,,,
AHIS,CG,,,,,,,,,,,,,,,
AHIS,O,,,,,,,,,,,,,,,
AHIS,ND,,,,,,,,,,,,,,,
AHIS,CD,,,,,,,,,,,,,,,
AHIS,HD1,,,,,,,,,,,,,,,
AHIS,CE,,,,,,,,,,,,,,,
AHIS,NE,,,,,,,,,,,,,,,
AHIS,HD2,,,,,,,,,,,,,,,
AHIS,HE1,,,,,,,,,,,,,,,
AHIS,HE2,,,,,,,,,,,,,,,
AILE,CY,,,,,,,,,,,,,,,
AILE,OY,,,,,,,,,,,,,,,
AILE,CAY,,,,,,,,,,,,,,,
AILE,HY,,,,,,,,,,,,,,,
AILE,N,,,,,,,,,,,,,,,
AILE,HN,,,,,,,,,,,,,,,
AILE,CA,,,,,,,,,,,,,,,
AILE,HA,,,,,,,,,,,,,,,
AILE,CB,,,,,,,,,,,,,,,
AILE,C,,,,,,,,,,,,,,,
AILE,HB,,,,,,,,,,,,,,,
AILE,CG2,,,,,,,,,,,,,,,
AILE,CG1,,,,,,,,,,,,,,,
AILE,O,,,,,,,,,,,,,,,
AILE,HG2,,,,,,,,,,,,,,,
AILE,HG1,,,,,,,,,,,,,,,
AILE,CD,,,,,,,,,,,,,,,
AILE,HD,,,,,,,,,,,,,,,
ALEU,CY,,,,,,,,,,,,,,,
ALEU,OY,,,,,,,,,,,,,,,
ALEU,CAY,,,,,,,,,,,,,,,
ALEU,HY,,,,,,,,,,,,,,,
ALEU,N,,,,,,,,,,,,,,,
ALEU,HN,,,,,,,,,,,,,,,
ALEU,CA,,,,,,,,,,,,,,,
ALEU,HA,,,,,,,,,,,,,,,
ALEU,CB,,,,,,,,,,,,,,,
ALEU,C,,,,,,,,,,,,,,,
ALEU,HB,,,,,,,,,,,,,,,
ALEU,CG,,,,,,,,,,,,,,,
ALEU,O,,,,,,,,,,,,,,,
ALEU,HG,,,,,,,,,,,,,,,
ALEU,CD,,,,,,,,,,,,,,,
ALEU,HD,,,,,,,,,,,,,,,
ALYS,CY,,,,,,,,,,,,,,,
ALYS,OY,,,,,,,,,,,,,,,
ALYS,CAY,,,,,,,,,,,,,,,
ALYS,HY,,,,,,,,,,,,,,,
ALYS,N,,,,,,,,,,,,,,,
ALYS,HN,,,,,,,,,,,,,,,
ALYS,CA,,,,,,,,,,,,,,,
ALYS,HA,,,,,,,,,,,,,,,
ALYS,CB,,,,,,,,,,,,,,,
ALYS,C,,,,,,,,,,,,,,,
ALYS,HB,,,,,,,,,,,,,,,
ALYS,CG,,,,,,,,,,,,,,,
ALYS,O,,,,,,,,,,,,,,,
ALYS,HG,,,,,,,,,,,,,,,
ALYS,CD,,,,,,,,,,,,,,,
ALYS,HD,,,,,,,,,,,,,,,
ALYS,CE,,,,,,,,,,,,,,,
ALYS,HE,,,,,,,,,,,,,,,
ALYS,NZ,,,,,,,,,,,,,,,
ALYS,HZ,,,,,,,,,,,,,,,
AMET,CY,,,,,,,,,,,,,,,
AMET,OY,,,,,,,,,,,,,,,
AMET,CAY,,,,,,,,,,,,,,,
AMET,HY,,,,,,,,,,,,,,,
AMET,N,,,,,,,,,,,,,,,
AMET,HN,,,,,,,,,,,,,,,
AMET,CA,,,,,,,,,,,,,,,
AMET,HA,,,,,,,,,,,,,,,
AMET,CB,,,,,,,,,,,,,,,
AMET,C,,,,,,,,,,,,,,,
AMET,HB,,,,,,,,,,,,,,,
AMET,CG,,,,,,,,,,,,,,,
AMET,O,,,,,,,,,,,,,,,
AMET,HG,,,,,,,,,,,,,,,
AMET,SD,,,,,,,,,,,,,,,
AMET,CE,,,,,,,,,,,,,,,
AMET,HE,,,,,,,,,,,,,,,
APHE,CY,,,,,,,,,,,,,,,
APHE,OY,,,,,,,,,,,,,,,
APHE,CAY,,,,,,,,,,,,,,,
APHE,HY,,,,,,,,,,,,,,,
APHE,N,,,,,,,,,,,,,,,
APHE,HN,,,,,,,,,,,,,,,
APHE,CA,,,,,,,,,,,,,,,
APHE,HA,,,,,,,,,,,,,,,
APHE,CB,,,,,,,,,,,,,,,
APHE,C,,,,,,,,,,,,,,,
APHE,HB,,,,,,,,,,,,,,,
APHE,CG,,,,,,,,,,,,,,,
APHE,O,,,,,,,,,,,,,,,
APHE,CD,,,,,,,,,,,,,,,
APHE,HD,,,,,,,,,,,,,,,
APHE,CE,,,,,,,,,,,,,,,
APHE,HE,,,,,,,,,,,,,,,
APHE,CZ,,,,,,,,,,,,,,,
APHE,HZ,,,,,,,,,,,,,,,
APRO,CY,,,,,,,,,,,,,,,
APRO,OY,,,,,,,,,,,,,,,
APRO,CAY,,,,,,,,,,,,,,,
APRO,HY,,,,,,,,,,,,,,,
APRO,N,,,,,,,,,,,,,,,
APRO,CD,,,,,,,,,,,,,,,
APRO,CA,,,,,,,,,,,,,,,
APRO,HD,,,,,,,,,,,,,,,
APRO,CG,,,,,,,,,,,,,,,
APRO,CB,,,,,,,,,,,,,,,
APRO,HA,,,,,,,,,,,,,,,
APRO,C,,,,,,,,,,,,,,,
APRO,HG,,,,,,,,,,,,,,,
APRO,HB,,,,,,,,,,,,,,,
APRO,O,,,,,,,,,,,,,,,
ASER,CY,,,,,,,,,,,,,,,
ASER,OY,,,,,,,,,,,,,,,
ASER,CAY,,,,,,,,,,,,,,,
ASER,HY,,,,,,,,,,,,,,,
ASER,N,,,,,,,,,,,,,,,
ASER,HN,,,,,,,,,,,,,,,
ASER,CA,,,,,,,,,,,,,,,
ASER,HA,,,,,,,,,,,,,,,
ASER,CB,,,,,,,,,,,,,,,
ASER,C,,,,,,,,,,,,,,,
ASER,HB,,,,,,,,,,,,,,,
ASER,OG,,,,,,,,,,,,,,,
ASER,O,,,,,,,,,,,,,,,
ASER,HG,,,,,,,,,,,,,,,
ATHR,CY,,,,,,,,,,,,,,,
ATHR,OY,,,,,,,,,,,,,,,
ATHR,CAY,,,,,,,,,,,,,,,
ATHR,HY,,,,,,,,,,,,,,,
ATHR,N,,,,,,,,,,,,,,,
ATHR,HN,,,,,,,,,,,,,,,
ATHR,CA,,,,,,,,,,,,,,,
ATHR,HA,,,,,,,,,,,,,,,
ATHR,CB,,,,,,,,,,,,,,,
ATHR,C,,,,,,,,,,,,,,,
ATHR,HB,,,,,,,,,,,,,,,
ATHR,CG,,,,,,,,,,,,,,,
ATHR,OG,,,,,,,,,,,,,,,
ATHR,O,,,,,,,,,,,,,,,
ATHR,HG2,,,,,,,,,,,,,,,
ATHR,HG1,,,,,,,,,,,,,,,
ATRP,CY,,,,,,,,,,,,,,,
ATRP,OY,,,,,,,,,,,,,,,
ATRP,CAY,,,,,,,,,,,,,,,
ATRP,HY,,,,,,,,,,,,,,,
ATRP,N,,,,,,,,,,,,,,,
ATRP,HN,,,,,,,,,,,,,,,
ATRP,CA,,,,,,,,,,,,,,,
ATRP,HA,,,,,,,,,,,,,,,
ATRP,CB,,,,,,,,,,,,,,,
ATRP,C,,,,,,,,,,,,,,,
ATRP,HB,,,,,,,,,,,,,,,
ATRP,CG,,,,,,,,,,,,,,,
ATRP,O,,,,,,,,,,,,,,,
ATRP,CD1,,,,,,,,,,,,,,,
ATRP,CD2,,,,,,,,,,,,,,,
ATRP,HD,,,,,,,,,,,,,,,
ATRP,NE,,,,,,,,,,,,,,,
ATRP,CE2,,,,,,,,,,,,,,,
ATRP,CE3,,,,,,,,,,,,,,,
ATRP,HE1,,,,,,,,,,,,,,,
ATRP,CZ2,,,,,,,,,,,,,,,
ATRP,CZ3,,,,,,,,,,,,,,,
ATRP,HE3,,,,,,,,,,,,,,,
ATRP,HZ2,,,,,,,,,,,,,,,
ATRP,CH2,,,,,,,,,,,,,,,
ATRP,HZ3,,,,,,,,,,,,,,,
ATRP,HH2,,,,,,,,,,,,,,,
ATYR,CY,,,,,,,,,,,,,,,
ATYR,OY,,,,,,,,,,,,,,,
ATYR,CAY,,,,,,,,,,,,,,,
ATYR,HY,,,,,,,,,,,,,,,
ATYR,N,,,,,,,,,,,,,,,
ATYR,HN,,,,,,,,,,,,,,,
ATYR,CA,,,,,,,,,,,,,,,
ATYR,HA,,,,,,,,,,,,,,,
ATYR,CB,,,,,,,,,,,,,,,
ATYR,C,,,,,,,,,,,,,,,
ATYR,HB,,,,,,,,,,,,,,,
ATYR,CG,,,,,,,,,,,,,,,
ATYR,O,,,,,,,,,,,,,,,
ATYR,CD,,,,,,,,,,,,,,,
ATYR,HD,,,,,,,,,,,,,,,
ATYR,CE,,,,,,,,,,,,,,,
ATYR,HE,,,,,,,,,,,,,,,
ATYR,CZ,,,,,,,,,,,,,,,
ATYR,OH,,,,,,,,,,,,,,,
ATYR,HH,,,,,,,,,,,,,,,
AVAL,CY,,,,,,,,,,,,,,,
AVAL,OY,,,,,,,,,,,,,,,
AVAL,CAY,,,,,,,,,,,,,,,
AVAL,HY,,,,,,,,,,,,,,,
AVAL,N,,,,,,,,,,,,,,,
AVAL,HN,,,,,,,,,,,,,,,
AVAL,CA,,,,,,,,,,,,,,,
AVAL,HA,,,,,,,,,,,,,,,
AVAL,CB,,,,,,,,,,,,,,,
AVAL,C,,,,,,,,,,,,,,,
AVAL,HB,,,,,,,,,,,,,,,
AVAL,CG,,,,,,,,,,,,,,,
AVAL,O,,,,,,,,,,,,,,,
AVAL,HG,,,,,,,,,,,,,,,
AASH,CY,,,,,,,,,,,,,,,
AASH,OY,,,,,,,,,,,,,,,
AASH,CAY,,,,,,,,,,,,,,,
AASH,HY,,,,,,,,,,,,,,,
AASH,N,,,,,,,,,,,,,,,
AASH,HN,,,,,,,,,,,,,,,
AASH,CA,,,,,,,,,,,,,,,
AASH,HA,,,,,,,,,,,,,,,
AASH,CB,,,,,,,,,,,,,,,
AASH,C,,,,,,,,,,,,,,,
AASH,HB,,,,,,,,,,,,,,,
AASH,CG,,,,,,,,,,,,,,,
AASH,O,,,,,,,,,,,,,,,
AASH,OD1,,,,,,,,,,,,,,,
AASH,OD2,,,,,,,,,,,,,,,
AASH,HD,,,,,,,,,,,,,,,
ACYD,CY,,,,,,,,,,,,,,,
ACYD,OY,,,,,,,,,,,,,,,
ACYD,CAY,,,,,,,,,,,,,,,
ACYD,HY,,,,,,,,,,,,,,,
ACYD,N,,,,,,,,,,,,,,,
ACYD,HN,,,,,,,,,,,,,,,
ACYD,CA,,,,,,,,,,,,,,,
ACYD,HA,,,,,,,,,,,,,,,
ACYD,CB,,,,,,,,,,,,,,,
ACYD,C,,,,,,,,,,,,,,,
ACYD,HB,,,,,,,,,,,,,,,
ACYD,SG,,,,,,,,,,,,,,,
ACYD,O,,,,,,,,,,,,,,,
ACYX,CY,,,,,,,,,,,,,,,
ACYX,OY,,,,,,,,,,,,,,,
ACYX,CAY,,,,,,,,,,,,,,,
ACYX,HY,,,,,,,,,,,,,,,
ACYX,N,,,,,,,,,,,,,,,
ACYX,HN,,,,,,,,,,,,,,,
ACYX,CA,,,,,,,,,,,,,,,
ACYX,HA,,,,,,,,,,,,,,,
ACYX,CB,,,,,,,,,,,,,,,
ACYX,C,,,,,,,,,,,,,,,
ACYX,HB,,,,,,,,,,,,,,,
ACYX,SG,,,,,,,,,,,,,,,
ACYX,O,,,,,,,,,,,,,,,
AGLH,CY,,,,,,,,,,,,,,,
AGLH,OY,,,,,,,,,,,,,,,
AGLH,CAY,,,,,,,,,,,,,,,
AGLH,HY,,,,,,,,,,,,,,,
AGLH,N,,,,,,,,,,,,,,,
AGLH,HN,,,,,,,,,,,,,,,
AGLH,CA,,,,,,,,,,,,,,,
AGLH,HA,,,,,,,,,,,,,,,
AGLH,CB,,,,,,,,,,,,,,,
AGLH,C,,,,,,,,,,,,,,,
AGLH,HB,,,,,,,,,,,,,,,
AGLH,CG,,,,,,,,,,,,,,,
AGLH,O,,,,,,,,,,,,,,,
AGLH,HG,,,,,,,,,,,,,,,
AGLH,CD,,,,,,,,,,,,,,,
AGLH,OE1,,,,,,,,,,,,,,,
AGLH,OE2,,,,,,,,,,,,,,,
AGLH,HE,,,,,,,,,,,,,,,
ALYD,CY,,,,,,,,,,,,,,,
ALYD,OY,,,,,,,,,,,,,,,
ALYD,CAY,,,,,,,,,,,,,,,
ALYD,HY,,,,,,,,,,,,,,,
ALYD,N,,,,,,,,,,,,,,,
ALYD,HN,,,,,,,,,,,,,,,
ALYD,CA,,,,,,,,,,,,,,,
ALYD,HA,,,,,,,,,,,,,,,
ALYD,CB,,,,,,,,,,,,,,,
ALYD,C,,,,,,,,,,,,,,,
ALYD,HB,,,,,,,,,,,,,,,
ALYD,CG,,,,,,,,,,,,,,,
ALYD,O,,,,,,,,,,,,,,,
ALYD,HG,,,,,,,,,,,,,,,
ALYD,CD,,,,,,,,,,,,,,,
ALYD,HD,,,,,,,,,,,,,,,
ALYD,CE,,,,,,,,,,,,,,,
ALYD,HE,,,,,,,,,,,,,,,
ALYD,NZ,,,,,,,,,,,,,,,
ALYD,HZ,,,,,,,,,,,,,,,
BALA,N,,,,,,,,,,,,,,,
BALA,HN,,,,,,,,,,,,,,,
BALA,CA,,,,,,,,,,,,,,,
BALA,HA,,,,,,,,,,,,,,,
BALA,CB,,,,,,,,,,,,,,,
BALA,C,,,,,,,,,,,,,,,
BALA,HB,,,,,,,,,,,,,,,
BALA,O,,,,,,,,,,,,,,,
BALA,NT,,,,,,,,,,,,,,,
BALA,HNT,,,,,,,,,,,,,,,
BALA,CAT,,,,,,,,,,,,,,,
BALA,HT,,,,,,,,,,,,,,,
BARG,N,,,,,,,,,,,,,,,
BARG,HN,,,,,,,,,,,,,,,
BARG,CA,,,,,,,,,,,,,,,
BARG,HA,,,,,,,,,,,,,,,
BARG,CB,,,,,,,,,,,,,,,
BARG,C,,,,,,,,,,,,,,,
BARG,HB,,,,,,,,,,,,,,,
BARG,CG,,,,,,,,,,,,,,,
BARG,O,,,,,,,,,,,,,,,
BARG,HG,,,,,,,,,,,,,,,
BARG,CD,,,,,,,,,,,,,,,
BARG,HD,,,,,,,,,,,,,,,
BARG,NE,,,,,,,,,,,,,,,
BARG,HE,,,,,,,,,,,,,,,
BARG,CZ,,,,,,,,,,,,,,,
BARG,NH,,,,,,,,,,,,,,,
BARG,HH,,,,,,,,,,,,,,,
BARG,NT,,,,,,,,,,,,,,,
BARG,HNT,,,,,,,,,,,,,,,
BARG,CAT,,,,,,,,,,,,,,,
BARG,HT,,,,,,,,,,,,,,,
BASN,N,,,,,,,,,,,,,,,
BASN,HN,,,,,,,,,,,,,,,
BASN,CA,,,,,,,,,,,,,,,
BASN,HA,,,,,,,,,,,,,,,
BASN,CB,,,,,,,,,,,,,,,
BASN,C,,,,,,,,,,,,,,,
BASN,HB,,,,,,,,,,,,,,,
BASN,CG,,,,,,,,,,,,,,,
BASN,O,,,,,,,,,,,,,,,
BASN,OD,,,,,,,,,,,,,,,
BASN,ND,,,,,,,,,,,,,,,
BASN,HD,,,,,,,,,,,,,,,
BASN,NT,,,,,,,,,,,,,,,
BASN,HNT,,,,,,,,,,,,,,,
BASN,CAT,,,,,,,,,,,,,,,
BASN,HT,,,,,,,,,,,,,,,
BASP,N,,,,,,,,,,,,,,,
BASP,HN,,,,,,,,,,,,,,,
BASP,CA,,,,,,,,,,,,,,,
BASP,HA,,,,,,,,,,,,,,,
BASP,CB,,,,,,,,,,,,,,,
BASP,C,,,,,,,,,,,,,,,
BASP,HB,,,,,,,,,,,,,,,
BASP,CG,,,,,,,,,,,,,,,
BASP,O,,,,,,,,,,,,,,,
BASP,OD,,,,,,,,,,,,,,,
BASP,NT,,,,,,,,,,,,,,,
BASP,HNT,,,,,,,,,,,,,,,
BASP,CAT,,,,,,,,,,,,,,,
BASP,HT,,,,,,,,,,,,,,,
BCYS,N,,,,,,,,,,,,,,,
BCYS,HN,,,,,,,,,,,,,,,
BCYS,CA,,,,,,,,,,,,,,,
BCYS,HA,,,,,,,,,,,,,,,
BCYS,CB,,,,,,,,,,,,,,,
BCYS,C,,,,,,,,,,,,,,,
BCYS,HB,,,,,,,,,,,,,,,
BCYS,SG,,,,,,,,,,,,,,,
BCYS,O,,,,,,,,,,,,,,,
BCYS,HG,,,,,,,,,,,,,,,
BCYS,NT,,,,,,,,,,,,,,,
BCYS,HNT,,,,,,,,,,,,,,,
BCYS,CAT,,,,,,,,,,,,,,,
BCYS,HT,,,,,,,,,,,,,,,
BGLN,N,,,,,,,,,,,,,,,
BGLN,HN,,,,,,,,,,,,,,,
BGLN,CA,,,,,,,,,,,,,,,
BGLN,HA,,,,,,,,,,,,,,,
BGLN,CB,,,,,,,,,,,,,,,
BGLN,C,,,,,,,,,,,,,,,
BGLN,HB,,,,,,,,,,,,,,,
BGLN,CG,,,,,,,,,,,,,,,
BGLN,O,,,,,,,,,,,,,,,
BGLN,HG,,,,,,,,,,,,,,,
BGLN,CD,,,,,,,,,,,,,,,
BGLN,OE,,,,,,,,,,,,,,,
BGLN,NE,,,,,,,,,,,,,,,
BGLN,HE,,,,,,,,,,,,,,,
BGLN,NT,,,,,,,,,,,,,,,
BGLN,HNT,,,,,,,,,,,,,,,
BGLN,CAT,,,,,,,,,,,,,,,
BGLN,HT,,,,,,,,,,,,,,,
BGLU,N,,,,,,,,,,,,,,,
BGLU,HN,,,,,,,,,,,,,,,
BGLU,CA,,,,,,,,,,,,,,,
BGLU,HA,,,,,,,,,,,,,,,
BGLU,CB,,,,,,,,,,,,,,,
BGLU,C,,,,,,,,,,,,,,,
BGLU,HB,,,,,,,,,,,,,,,
BGLU,CG,,,,,,,,,,,,,,,
BGLU,O,,,,,,,,,,,,,,,
BGLU,HG,,,,,,,,,,,,,,,
BGLU,CD,,,,,,,,,,,,,,,
BGLU,OE,,,,,,,,,,,,,,,
BGLU,NT,,,,,,,,,,,,,,,
BGLU,HNT,,,,,,,,,,,,,,,
BGLU,CAT,,,,,,,,,,,,,,,
BGLU,HT,,,,,,,,,,,,,,,
BGLY,N,,,,,,,,,,,,,,,
BGLY,HN,,,,,,,,,,,,,,,
BGLY,CA,,,,,,,,,,,,,,,
BGLY,C,,,,,,,,,,,,,,,
BGLY,HA,,,,,,,,,,,,,,,
BGLY,O,,,,,,,,,,,,,,,
BGLY,NT,,,,,,,,,,,,,,,
BGLY,HNT,,,,,,,,,,,,,,,
BGLY,CAT,,,,,,,,,,,,,,,
BGLY,HT,,,,,,,,,,,,,,,
BHID,N,,,,,,,,,,,,,,,
BHID,HN,,,,,,,,,,,,,,,
BHID,CA,,,,,,,,,,,,,,,
BHID,HA,,,,,,,,,,,,,,,
BHID,CB,,,,,,,,,,,,,,,
BHID,C,,,,,,,,,,,,,,,
BHID,HB,,,,,,,,,,,,,,,
BHID,CG,,,,,,,,,,,,,,,
BHID,O,,,,,,,,,,,,,,,
BHID,ND,,,,,,,,,,,,,,,
BHID,CD,,,,,,,,,,,,,,,
BHID,HD1,,,,,,,,,,,,,,,
BHID,CE,,,,,,,,,,,,,,,
BHID,NE,,,,,,,,,,,,,,,
BHID,HD2,,,,,,,,,,,,,,,
BHID,HE,,,,,,,,,,,,,,,
BHID,NT,,,,,,,,,,,,,,,
BHID,HNT,,,,,,,,,,,,,,,
BHID,CAT,,,,,,,,,,,,,,,
BHID,HT,,,,,,,,,,,,,,,
BHIE,N,,,,,,,,,,,,,,,
BHIE,HN,,,,,,,,,,,,,,,
BHIE,CA,,,,,,,,,,,,,,,
BHIE,HA,,,,,,,,,,,,,,,
BHIE,CB,,,,,,,,,,,,,,,
BHIE,C,,,,,,,,,,,,,,,
BHIE,HB,,,,,,,,,,,,,,,
BHIE,CG,,,,,,,,,,,,,,,
BHIE,O,,,,,,,,,,,,,,,
BHIE,ND,,,,,,,,,,,,,,,
BHIE,CD,,,,,,,,,,,,,,,
BHIE,CE,,,,,,,,,,,,,,,
BHIE,NE,,,,,,,,,,,,,,,
BHIE,HD,,,,,,,,,,,,,,,
BHIE,HE1,,,,,,,,,,,,,,,
BHIE,HE2,,,,,,,,,,,,,,,
BHIE,NT,,,,,,,,,,,,,,,
BHIE,HNT,,,,,,,,,,,,,,,
BHIE,CAT,,,,,,,,,,,,,,,
BHIE,HT,,,,,,,,,,,,,,,
BHIS,N,,,,,,,,,,,,,,,
BHIS,HN,,,,,,,,,,,,,,,
BHIS,CA,,,,,,,,,,,,,,,
BHIS,HA,,,,,,,,,,,,,,,
BHIS,CB,,,,,,,,,,,,,,,
BHIS,C,,,,,,,,,,,,,,,
BHIS,HB,,,,,,,,,,,,,,,
BHIS,CG,,,,,,,,,,,,,,,
BHIS,O,,,,,,,,,,,,,,,
BHIS,ND,,,,,,,,,,,,,,,
BHIS,CD,,,,,,,,,,,,,,,
BHIS,HD1,,,,,,,,,,,,,,,
BHIS,CE,,,,,,,,,,,,,,,
BHIS,NE,,,,,,,,,,,,,,,
BHIS,HD2,,,,,,,,,,,,,,,
BHIS,HE1,,,,,,,,,,,,,,,
BHIS,HE2,,,,,,,,,,,,,,,
BHIS,NT,,,,,,,,,,,,,,,
BHIS,HNT,,,,,,,,,,,,,,,
BHIS,CAT,,,,,,,,,,,,,,,
BHIS,HT,,,,,,,,,,,,,,,
BILE,N,,,,,,,,,,,,,,,
BILE,HN,,,,,,,,,,,,,,,
BILE,CA,,,,,,,,,,,,,,,
BILE,HA,,,,,,,,,,,,,,,
BILE,CB,,,,,,,,,,,,,,,
BILE,C,,,,,,,,,,,,,,,
BILE,HB,,,,,,,,,,,,,,,
BILE,CG2,,,,,,,,,,,,,,,
BILE,CG1,,,,,,,,,,,,,,,
BILE,O,,,,,,,,,,,,,,,
BILE,HG2,,,,,,,,,,,,,,,
BILE,HG1,,,,,,,,,,,,,,,
BILE,CD,,,,,,,,,,,,,,,
BILE,HD,,,,,,,,,,,,,,,
BILE,NT,,,,,,,,,,,,,,,
BILE,HNT,,,,,,,,,,,,,,,
BILE,CAT,,,,,,,,,,,,,,,
BILE,HT,,,,,,,,,,,,,,,
BLEU,N,,,,,,,,,,,,,,,
BLEU,HN,,,,,,,,,,,,,,,
BLEU,CA,,,,,,,,,,,,,,,
BLEU,HA,,,,,,,,,,,,,,,
BLEU,CB,,,,,,,,,,,,,,,
BLEU,C,,,,,,,,,,,,,,,
BLEU,HB,,,,,,,,,,,,,,,
BLEU,CG,,,,,,,,,,,,,,,
BLEU,O,,,,,,,,,,,,,,,
BLEU,HG,,,,,,,,,,,,,,,
BLEU,CD,,,,,,,,,,,,,,,
BLEU,HD,,,,,,,,,,,,,,,
BLEU,NT,,,,,,,,,,,,,,,
BLEU,HNT,,,,,,,,,,,,,,,
BLEU,CAT,,,,,,,,,,,,,,,
BLEU,HT,,,,,,,,,,,,,,,
BLYS,N,,,,,,,,,,,,,,,
BLYS,HN,,,,,,,,,,,,,,,
BLYS,CA,,,,,,,,,,,,,,,
BLYS,HA,,,,,,,,,,,,,,,
BLYS,CB,,,,,,,,,,,,,,,
BLYS,C,,,,,,,,,,,,,,,
BLYS,HB,,,,,,,,,,,,,,,
BLYS,CG,,,,,,,,,,,,,,,
BLYS,O,,,,,,,,,,,,,,,
BLYS,HG,,,,,,,,,,,,,,,
BLYS,CD,,,,,,,,,,,,,,,
BLYS,HD,,,,,,,,,,,,,,,
BLYS,CE,,,,,,,,,,,,,,,
BLYS,HE,,,,,,,,,,,,,,,
BLYS,NZ,,,,,,,,,,,,,,,
BLYS,HZ,,,,,,,,,,,,,,,
BLYS,NT,,,,,,,,,,,,,,,
BLYS,HNT,,,,,,,,,,,,,,,
BLYS,CAT,,,,,,,,,,,,,,,
BLYS,HT,,,,,,,,,,,,,,,
BMET,N,,,,,,,,,,,,,,,
BMET,HN,,,,,,,,,,,,,,,
BMET,CA,,,,,,,,,,,,,,,
BMET,HA,,,,,,,,,,,,,,,
BMET,CB,,,,,,,,,,,,,,,
BMET,C,,,,,,,,,,,,,,,
BMET,HB,,,,,,,,,,,,,,,
BMET,CG,,,,,,,,,,,,,,,
BMET,O,,,,,,,,,,,,,,,
BMET,HG,,,,,,,,,,,,,,,
BMET,SD,,,,,,,,,,,,,,,
BMET,CE,,,,,,,,,,,,,,,
BMET,HE,,,,,,,,,,,,,,,
BMET,NT,,,,,,,,,,,,,,,
BMET,HNT,,,,,,,,,,,,,,,
BMET,CAT,,,,,,,,,,,,,,,
BMET,HT,,,,,,,,,,,,,,,
BPHE,N,,,,,,,,,,,,,,,
BPHE,HN,,,,,,,,,,,,,,,
BPHE,CA,,,,,,,,,,,,,,,
BPHE,HA,,,,,,,,,,,,,,,
BPHE,CB,,,,,,,,,,,,,,,
BPHE,C,,,,,,,,,,,,,,,
BPHE,HB,,,,,,,,,,,,,,,
BPHE,CG,,,,,,,,,,,,,,,
BPHE,O,,,,,,,,,,,,,,,
BPHE,CD,,,,,,,,,,,,,,,
BPHE,HD,,,,,,,,,,,,,,,
BPHE,CE,,,,,,,,,,,,,,,
BPHE,HE,,,,,,,,,,,,,,,
BPHE,CZ,,,,,,,,,,,,,,,
BPHE,HZ,,,,,,,,,,,,,,,
BPHE,NT,,,,,,,,,,,,,,,
BPHE,HNT,,,,,,,,,,,,,,,
BPHE,CAT,,,,,,,,,,,,,,,
BPHE,HT,,,,,,,,,,,,,,,
BPRO,N,,,,,,,,,,,,,,,
BPRO,CD,,,,,,,,,,,,,,,
BPRO,CA,,,,,,,,,,,,,,,
BPRO,HD,,,,,,,,,,,,,,,
BPRO,CG,,,,,,,,,,,,,,,
BPRO,CB,,,,,,,,,,,,,,,
BPRO,HA,,,,,,,,,,,,,,,
BPRO,C,,,,,,,,,,,,,,,
BPRO,HG,,,,,,,,,,,,,,,
BPRO,HB,,,,,,,,,,,,,,,
BPRO,O,,,,,,,,,,,,,,,
BPRO,NT,,,,,,,,,,,,,,,
BPRO,HNT,,,,,,,,,,,,,,,
BPRO,CAT,,,,,,,,,,,,,,,
BPRO,HT,,,,,,,,,,,,,,,
BSER,N,,,,,,,,,,,,,,,
BSER,HN,,,,,,,,,,,,,,,
BSER,CA,,,,,,,,,,,,,,,
BSER,HA,,,,,,,,,,,,,,,
BSER,CB,,,,,,,,,,,,,,,
BSER,C,,,,,,,,,,,,,,,
BSER,HB,,,,,,,,,,,,,,,
BSER,OG,,,,,,,,,,,,,,,
BSER,O,,,,,,,,,,,,,,,
BSER,HG,,,,,,,,,,,,,,,
BSER,NT,,,,,,,,,,,,,,,
BSER,HNT,,,,,,,,,,,,,,,
BSER,CAT,,,,,,,,,,,,,,,
BSER,HT,,,,,,,,,,,,,,,
BTHR,N,,,,,,,,,,,,,,,
BTHR,HN,,,,,,,,,,,,,,,
BTHR,CA,,,,,,,,,,,,,,,
BTHR,HA,,,,,,,,,,,,,,,
BTHR,CB,,,,,,,,,,,,,,,
BTHR,C,,,,,,,,,,,,,,,
BTHR,HB,,,,,,,,,,,,,,,
BTHR,CG,,,,,,,,,,,,,,,
BTHR,OG,,,,,,,,,,,,,,,
BTHR,O,,,,,,,,,,,,,,,
BTHR,HG2,,,,,,,,,,,,,,,
BTHR,HG1,,,,,,,,,,,,,,,
BTHR,NT,,,,,,,,,,,,,,,
BTHR,HNT,,,,,,,,,,,,,,,
BTHR,CAT,,,,,,,,,,,,,,,
BTHR,HT,,,,,,,,,,,,,,,
BTRP,N,,,,,,,,,,,,,,,
BTRP,HN,,,,,,,,,,,,,,,
BTRP,CA,,,,,,,,,,,,,,,
BTRP,HA,,,,,,,,,,,,,,,
BTRP,CB,,,,,,,,,,,,,,,
BTRP,C,,,,,,,,,,,,,,,
BTRP,HB,,,,,,,,,,,,,,,
BTRP,CG,,,,,,,,,,,,,,,
BTRP,O,,,,,,,,,,,,,,,
BTRP,CD1,,,,,,,,,,,,,,,
BTRP,CD2,,,,,,,,,,,,,,,
BTRP,HD,,,,,,,,,,,,,,,
BTRP,NE,,,,,,,,,,,,,,,
BTRP,CE2,,,,,,,,,,,,,,,
BTRP,CE3,,,,,,,,,,,,,,,
BTRP,HE1,,,,,,,,,,,,,,,
BTRP,CZ2,,,,,,,,,,,,,,,
BTRP,CZ3,,,,,,,,,,,,,,,
BTRP,HE3,,,,,,,,,,,,,,,
BTRP,HZ2,,,,,,,,,,,,,,,
BTRP,CH2,,,,,,,,,,,,,,,
BTRP,HZ3,,,,,,,,,,,,,,,
BTRP,HH2,,,,,,,,,,,,,,,
BTRP,NT,,,,,,,,,,,,,,,
BTRP,HNT,,,,,,,,,,,,,,,
BTRP,CAT,,,,,,,,,,,,,,,
BTRP,HT,,,,,,,,,,,,,,,
BTYR,N,,,,,,,,,,,,,,,
BTYR,HN,,,,,,,,,,,,,,,
BTYR,CA,,,,,,,,,,,,,,,
BTYR,HA,,,,,,,,,,,,,,,
BTYR,CB,,,,,,,,,,,,,,,
BTYR,C,,,,,,,,,,,,,,,
BTYR,HB,,,,,,,,,,,,,,,
BTYR,CG,,,,,,,,,,,,,,,
BTYR,O,,,,,,,,,,,,,,,
BTYR,CD,,,,,,,,,,,,,,,
BTYR,HD,,,,,,,,,,,,,,,
BTYR,CE,,,,,,,,,,,,,,,
BTYR,HE,,,,,,,,,,,,,,,
BTYR,CZ,,,,,,,,,,,,,,,
BTYR,OH,,,,,,,,,,,,,,,
BTYR,HH,,,,,,,,,,,,,,,
BTYR,NT,,,,,,,,,,,,,,,
BTYR,HNT,,,,,,,,,,,,,,,
BTYR,CAT,,,,,,,,,,,,,,,
BTYR,HT,,,,,,,,,,,,,,,
BVAL,N,,,,,,,,,,,,,,,
BVAL,HN,,,,,,,,,,,,,,,
BVAL,CA,,,,,,,,,,,,,,,
BVAL,HA,,,,,,,,,,,,,,,
BVAL,CB,,,,,,,,,,,,,,,
BVAL,C,,,,,,,,,,,,,,,
BVAL,HB,,,,,,,,,,,,,,,
BVAL,CG,,,,,,,,,,,,,,,
BVAL,O,,,,,,,,,,,,,,,
BVAL,HG,,,,,,,,,,,,,,,
BVAL,NT,,,,,,,,,,,,,,,
BVAL,HNT,,,,,,,,,,,,,,,
BVAL,CAT,,,,,,,,,,,,,,,
BVAL,HT,,,,,,,,,,,,,,,
BASH,N,,,,,,,,,,,,,,,
BASH,HN,,,,,,,,,,,,,,,
BASH,CA,,,,,,,,,,,,,,,
BASH,HA,,,,,,,,,,,,,,,
BASH,CB,,,,,,,,,,,,,,,
BASH,C,,,,,,,,,,,,,,,
BASH,HB,,,,,,,,,,,,,,,
BASH,CG,,,,,,,,,,,,,,,
BASH,O,,,,,,,,,,,,,,,
BASH,OD1,,,,,,,,,,,,,,,
BASH,OD2,,,,,,,,,,,,,,,
BASH,HD,,,,,,,,,,,,,,,
BASH,NT,,,,,,,,,,,,,,,
BASH,HNT,,,,,,,,,,,,,,,
BASH,CAT,,,,,,,,,,,,,,,
BASH,HT,,,,,,,,,,,,,,,
BCYD,N,,,,,,,,,,,,,,,
BCYD,HN,,,,,,,,,,,,,,,
BCYD,CA,,,,,,,,,,,,,,,
BCYD,HA,,,,,,,,,,,,,,,
BCYD,CB,,,,,,,,,,,,,,,
BCYD,C,,,,,,,,,,,,,,,
BCYD,HB,,,,,,,,,,,,,,,
BCYD,SG,,,,,,,,,,,,,,,
BCYD,O,,,,,,,,,,,,,,,
BCYD,NT,,,,,,,,,,,,,,,
BCYD,HNT,,,,,,,,,,,,,,,
BCYD,CAT,,,,,,,,,,,,,,,
BCYD,HT,,,,,,,,,,,,,,,
BCYX,N,,,,,,,,,,,,,,,
BCYX,HN,,,,,,,,,,,,,,,
BCYX,CA,,,,,,,,,,,,,,,
BCYX,HA,,,,,,,,,,,,,,,
BCYX,CB,,,,,,,,,,,,,,,
BCYX,C,,,,,,,,,,,,,,,
BCYX,HB,,,,,,,,,,,,,,,
BCYX,SG,,,,,,,,,,,,,,,
BCYX,O,,,,,,,,,,,,,,,
BCYX,NT,,,,,,,,,,,,,,,
BCYX,HNT,,,,,,,,,,,,,,,
BCYX,CAT,,,,,,,,,,,,,,,
BCYX,HT,,,,,,,,,,,,,,,
BGLH,N,,,,,,,,,,,,,,,
BGLH,HN,,,,,,,,,,,,,,,
BGLH,CA,,,,,,,,,,,,,,,
BGLH,HA,,,,,,,,,,,,,,,
BGLH,CB,,,,,,,,,,,,,,,
BGLH,C,,,,,,,,,,,,,,,
BGLH,HB,,,,,,,,,,,,,,,
BGLH,CG,,,,,,,,,,,,,,,
BGLH,O,,,,,,,,,,,,,,,
BGLH,HG,,,,,,,,,,,,,,,
BGLH,CD,,,,,,,,,,,,,,,
BGLH,OE1,,,,,,,,,,,,,,,
BGLH,OE2,,,,,,,,,,,,,,,
BGLH,HE,,,,,,,,,,,,,,,
BGLH,NT,,,,,,,,,,,,,,,
BGLH,HNT,,,,,,,,,,,,,,,
BGLH,CAT,,,,,,,,,,,,,,,
BGLH,HT,,,,,,,,,,,,,,,
BLYD,N,,,,,,,,,,,,,,,
BLYD,HN,,,,,,,,,,,,,,,
BLYD,CA,,,,,,,,,,,,,,,
BLYD,HA,,,,,,,,,,,,,,,
BLYD,CB,,,,,,,,,,,,,,,
BLYD,C,,,,,,,,,,,,,,,
BLYD,HB,,,,,,,,,,,,,,,
BLYD,CG,,,,,,,,,,,,,,,
BLYD,O,,,,,,,,,,,,,,,
BLYD,HG,,,,,,,,,,,,,,,
BLYD,CD,,,,,,,,,,,,,,,
BLYD,HD,,,,,,,,,,,,,,,
BLYD,CE,,,,,,,,,,,,,,,
BLYD,HE,,,,,,,,,,,,,,,
BLYD,NZ,,,,,,,,,,,,,,,
BLYD,HZ,,,,,,,,,,,,,,,
BLYD,NT,,,,,,,,,,,,,,,
BLYD,HNT,,,,,,,,,,,,,,,
BLYD,CAT,,,,,,,,,,,,,,,
BLYD,HT,,,,,,,,,,,,,,,
